"id","idsensore","data","valore","stato","idoperatore","created_at"
1,"30166","2025-01-01T00:00:00.000","2.5","VA","1","2025-05-20 21:42:38.169957"
2,"30165","2025-01-01T00:00:00.000","5.9","VA","1","2025-05-20 21:42:38.169957"
3,"30163","2025-01-01T00:00:00.000","35.6","VA","1","2025-05-20 21:42:38.169957"
4,"30162","2025-01-01T00:00:00.000","41.5","VA","1","2025-05-20 21:42:38.169957"
5,"10437","2025-01-01T00:00:00.000","3.9","VA","1","2025-05-20 21:42:38.169957"
6,"10438","2025-01-01T00:00:00.000","51","VA","1","2025-05-20 21:42:38.169957"
7,"10449","2025-01-01T00:00:00.000","34","VA","1","2025-05-20 21:42:38.169957"
8,"10507","2025-01-01T00:00:00.000","44.4","VA","1","2025-05-20 21:42:38.169957"
9,"10511","2025-01-01T00:00:00.000","1.8","VA","1","2025-05-20 21:42:38.169957"
10,"10547","2025-01-01T00:00:00.000","75","VA","1","2025-05-20 21:42:38.169957"
11,"10548","2025-01-01T00:00:00.000","83","VA","1","2025-05-20 21:42:38.169957"
12,"10580","2025-01-01T00:00:00.000","2.3","VA","1","2025-05-20 21:42:38.169957"
13,"10581","2025-01-01T00:00:00.000","17.4","VA","1","2025-05-20 21:42:38.169957"
14,"10583","2025-01-01T00:00:00.000","24.6","VA","1","2025-05-20 21:42:38.169957"
15,"10584","2025-01-01T00:00:00.000","39.6","VA","1","2025-05-20 21:42:38.169957"
16,"10586","2025-01-01T00:00:00.000","108","VA","1","2025-05-20 21:42:38.169957"
17,"10587","2025-01-01T00:00:00.000","39.7","VA","1","2025-05-20 21:42:38.169957"
18,"11041","2025-01-01T00:00:00.000","4.6","VA","1","2025-05-20 21:42:38.169957"
19,"12016","2025-01-01T00:00:00.000","79.9","VA","1","2025-05-20 21:42:38.169957"
20,"12017","2025-01-01T00:00:00.000","31.6","VA","1","2025-05-20 21:42:38.169957"
21,"12020","2025-01-01T00:00:00.000","1.7","VA","1","2025-05-20 21:42:38.169957"
22,"12022","2025-01-01T00:00:00.000","75","VA","1","2025-05-20 21:42:38.169957"
23,"12028","2025-01-01T00:00:00.000","-9999","NA","1","2025-05-20 21:42:38.169957"
24,"12029","2025-01-01T00:00:00.000","25","VA","1","2025-05-20 21:42:38.169957"
25,"12531","2025-01-01T00:00:00.000","85","VA","1","2025-05-20 21:42:38.169957"
26,"12570","2025-01-01T00:00:00.000","44","VA","1","2025-05-20 21:42:38.169957"
27,"12574","2025-01-01T00:00:00.000","32","VA","1","2025-05-20 21:42:38.169957"
28,"12577","2025-01-01T00:00:00.000","132","VA","1","2025-05-20 21:42:38.169957"
29,"12584","2025-01-01T00:00:00.000","140","VA","1","2025-05-20 21:42:38.169957"
30,"12671","2025-01-01T00:00:00.000","2.361","VA","1","2025-05-20 21:42:38.169957"
31,"17042","2025-01-01T00:00:00.000","11.5","VA","1","2025-05-20 21:42:38.169957"
32,"17122","2025-01-01T00:00:00.000","143","VA","1","2025-05-20 21:42:38.169957"
33,"17126","2025-01-01T00:00:00.000","4.5","VA","1","2025-05-20 21:42:38.169957"
34,"17127","2025-01-01T00:00:00.000","4.6","VA","1","2025-05-20 21:42:38.169957"
35,"17159","2025-01-01T00:00:00.000","105","VA","1","2025-05-20 21:42:38.169957"
36,"17162","2025-01-01T00:00:00.000","11","VA","1","2025-05-20 21:42:38.169957"
37,"17285","2025-01-01T00:00:00.000","198.5","VA","1","2025-05-20 21:42:38.169957"
38,"17286","2025-01-01T00:00:00.000","48.4","VA","1","2025-05-20 21:42:38.169957"
39,"17288","2025-01-01T00:00:00.000","8.9","VA","1","2025-05-20 21:42:38.169957"
40,"17290","2025-01-01T00:00:00.000","102","VA","1","2025-05-20 21:42:38.169957"
41,"17293","2025-01-01T00:00:00.000","57","VA","1","2025-05-20 21:42:38.169957"
42,"17295","2025-01-01T00:00:00.000","5.3","VA","1","2025-05-20 21:42:38.169957"
43,"17297","2025-01-01T00:00:00.000","5.9","VA","1","2025-05-20 21:42:38.169957"
44,"20004","2025-01-01T00:00:00.000","10.8","VA","1","2025-05-20 21:42:38.169957"
45,"20020","2025-01-01T00:00:00.000","13.4","VA","1","2025-05-20 21:42:38.169957"
46,"20031","2025-01-01T00:00:00.000","7.1","VA","1","2025-05-20 21:42:38.169957"
47,"20032","2025-01-01T00:00:00.000","54.2","VA","1","2025-05-20 21:42:38.169957"
48,"20034","2025-01-01T00:00:00.000","42.7","VA","1","2025-05-20 21:42:38.169957"
49,"20041","2025-01-01T00:00:00.000","2.5","VA","1","2025-05-20 21:42:38.169957"
50,"20042","2025-01-01T00:00:00.000","10.9","VA","1","2025-05-20 21:42:38.169957"
51,"20082","2025-01-01T00:00:00.000","11.2","VA","1","2025-05-20 21:42:38.169957"
52,"20104","2025-01-01T00:00:00.000","120","VA","1","2025-05-20 21:42:38.169957"
53,"20154","2025-01-01T00:00:00.000","14.6","VA","1","2025-05-20 21:42:38.169957"
54,"20155","2025-01-01T00:00:00.000","84","VA","1","2025-05-20 21:42:38.169957"
55,"20156","2025-01-01T00:00:00.000","6.3","VA","1","2025-05-20 21:42:38.169957"
56,"20157","2025-01-01T00:00:00.000","69","VA","1","2025-05-20 21:42:38.169957"
57,"20197","2025-01-01T00:00:00.000","92","VA","1","2025-05-20 21:42:38.169957"
58,"20216","2025-01-01T00:00:00.000","5.1","VA","1","2025-05-20 21:42:38.169957"
59,"20358","2025-01-01T00:00:00.000","130","VA","1","2025-05-20 21:42:38.169957"
60,"20401","2025-01-01T00:00:00.000","0.8","VA","1","2025-05-20 21:42:38.169957"
61,"20428","2025-01-01T00:00:00.000","-9999","NA","1","2025-05-20 21:42:38.169957"
62,"20429","2025-01-01T00:00:00.000","195.1","VA","1","2025-05-20 21:42:38.169957"
63,"20441","2025-01-01T00:00:00.000","5.8","VA","1","2025-05-20 21:42:38.169957"
64,"20442","2025-01-01T00:00:00.000","2.5","VA","1","2025-05-20 21:42:38.169957"
65,"20443","2025-01-01T00:00:00.000","1.9","VA","1","2025-05-20 21:42:38.169957"
66,"20455","2025-01-01T00:00:00.000","12.5","VA","1","2025-05-20 21:42:38.169957"
67,"20465","2025-01-01T00:00:00.000","5.8","VA","1","2025-05-20 21:42:38.169957"
68,"20484","2025-01-01T00:00:00.000","8.9","VA","1","2025-05-20 21:42:38.169957"
69,"20487","2025-01-01T00:00:00.000","0.8","VA","1","2025-05-20 21:42:38.169957"
70,"20489","2025-01-01T00:00:00.000","115.0","VA","1","2025-05-20 21:42:38.169957"
71,"20490","2025-01-01T00:00:00.000","65.2","VA","1","2025-05-20 21:42:38.169957"
72,"20491","2025-01-01T00:00:00.000","14.9","VA","1","2025-05-20 21:42:38.169957"
73,"20492","2025-01-01T00:00:00.000","113.5","VA","1","2025-05-20 21:42:38.169957"
74,"20493","2025-01-01T00:00:00.000","68.4","VA","1","2025-05-20 21:42:38.169957"
75,"20494","2025-01-01T00:00:00.000","17.4","VA","1","2025-05-20 21:42:38.169957"
76,"20495","2025-01-01T00:00:00.000","41.8","VA","1","2025-05-20 21:42:38.169957"
77,"20496","2025-01-01T00:00:00.000","73.5","VA","1","2025-05-20 21:42:38.169957"
78,"20497","2025-01-01T00:00:00.000","1.0","VA","1","2025-05-20 21:42:38.169957"
79,"20523","2025-01-01T00:00:00.000","12.3","VA","1","2025-05-20 21:42:38.169957"
80,"20528","2025-01-01T00:00:00.000","51.2","VA","1","2025-05-20 21:42:38.169957"
81,"20529","2025-01-01T00:00:00.000","157","VA","1","2025-05-20 21:42:38.169957"
82,"20565","2025-01-01T00:00:00.000","65","VA","1","2025-05-20 21:42:38.169957"
83,"29041","2025-01-01T00:00:00.000","1.9","VA","1","2025-05-20 21:42:38.169957"
84,"30158","2025-01-01T00:00:00.000","47","VA","1","2025-05-20 21:42:38.169957"
85,"5534","2025-01-01T00:00:00.000","80.1","VA","1","2025-05-20 21:42:38.169957"
86,"5542","2025-01-01T00:00:00.000","60.2","VA","1","2025-05-20 21:42:38.169957"
87,"5545","2025-01-01T00:00:00.000","46.1","VA","1","2025-05-20 21:42:38.169957"
88,"5547","2025-01-01T00:00:00.000","72.7","VA","1","2025-05-20 21:42:38.169957"
89,"5548","2025-01-01T00:00:00.000","43.1","VA","1","2025-05-20 21:42:38.169957"
90,"5549","2025-01-01T00:00:00.000","61.5","VA","1","2025-05-20 21:42:38.169957"
91,"5551","2025-01-01T00:00:00.000","101.7","VA","1","2025-05-20 21:42:38.169957"
92,"5554","2025-01-01T00:00:00.000","31.2","VA","1","2025-05-20 21:42:38.169957"
93,"5555","2025-01-01T00:00:00.000","30.3","VA","1","2025-05-20 21:42:38.169957"
94,"5557","2025-01-01T00:00:00.000","53.7","VA","1","2025-05-20 21:42:38.169957"
95,"5561","2025-01-01T00:00:00.000","80.3","VA","1","2025-05-20 21:42:38.169957"
96,"5563","2025-01-01T00:00:00.000","49.9","VA","1","2025-05-20 21:42:38.169957"
97,"5564","2025-01-01T00:00:00.000","68.7","VA","1","2025-05-20 21:42:38.169957"
98,"5568","2025-01-01T00:00:00.000","41.5","VA","1","2025-05-20 21:42:38.169957"
99,"5572","2025-01-01T00:00:00.000","48.1","VA","1","2025-05-20 21:42:38.169957"
100,"5574","2025-01-01T00:00:00.000","18.8","VA","1","2025-05-20 21:42:38.169957"
101,"5575","2025-01-01T00:00:00.000","44.2","VA","1","2025-05-20 21:42:38.169957"
102,"5576","2025-01-01T00:00:00.000","41.0","VA","1","2025-05-20 21:42:38.169957"
103,"5577","2025-01-01T00:00:00.000","45.8","VA","1","2025-05-20 21:42:38.169957"
104,"5579","2025-01-01T00:00:00.000","46.0","VA","1","2025-05-20 21:42:38.169957"
105,"5603","2025-01-01T00:00:00.000","52.3","VA","1","2025-05-20 21:42:38.169957"
106,"5607","2025-01-01T00:00:00.000","41.4","VA","1","2025-05-20 21:42:38.169957"
107,"5609","2025-01-01T00:00:00.000","55.1","VA","1","2025-05-20 21:42:38.169957"
108,"5610","2025-01-01T00:00:00.000","27.4","VA","1","2025-05-20 21:42:38.169957"
109,"5611","2025-01-01T00:00:00.000","47.1","VA","1","2025-05-20 21:42:38.169957"
110,"5652","2025-01-01T00:00:00.000","1.0","VA","1","2025-05-20 21:42:38.169957"
111,"5658","2025-01-01T00:00:00.000","1.1","VA","1","2025-05-20 21:42:38.169957"
112,"5665","2025-01-01T00:00:00.000","1.9","VA","1","2025-05-20 21:42:38.169957"
113,"5670","2025-01-01T00:00:00.000","4.5","VA","1","2025-05-20 21:42:38.169957"
114,"5676","2025-01-01T00:00:00.000","1.3","VA","1","2025-05-20 21:42:38.169957"
115,"5693","2025-01-01T00:00:00.000","1.6","VA","1","2025-05-20 21:42:38.169957"
116,"5698","2025-01-01T00:00:00.000","1.9","VA","1","2025-05-20 21:42:38.169957"
117,"5700","2025-01-01T00:00:00.000","6.3","VA","1","2025-05-20 21:42:38.169957"
118,"5704","2025-01-01T00:00:00.000","1.8","VA","1","2025-05-20 21:42:38.169957"
119,"5707","2025-01-01T00:00:00.000","2.6","VA","1","2025-05-20 21:42:38.169957"
120,"5710","2025-01-01T00:00:00.000","4.7","VA","1","2025-05-20 21:42:38.169957"
121,"5717","2025-01-01T00:00:00.000","5.1","VA","1","2025-05-20 21:42:38.169957"
122,"5721","2025-01-01T00:00:00.000","7.2","VA","1","2025-05-20 21:42:38.169957"
123,"5725","2025-01-01T00:00:00.000","1.2","VA","1","2025-05-20 21:42:38.169957"
124,"5732","2025-01-01T00:00:00.000","7.3","VA","1","2025-05-20 21:42:38.169957"
125,"5738","2025-01-01T00:00:00.000","1.7","VA","1","2025-05-20 21:42:38.169957"
126,"5739","2025-01-01T00:00:00.000","51.1","VA","1","2025-05-20 21:42:38.169957"
127,"5742","2025-01-01T00:00:00.000","11.1","VA","1","2025-05-20 21:42:38.169957"
128,"5749","2025-01-01T00:00:00.000","5.0","VA","1","2025-05-20 21:42:38.169957"
129,"5750","2025-01-01T00:00:00.000","7.0","VA","1","2025-05-20 21:42:38.169957"
130,"5790","2025-01-01T00:00:00.000","1.7","VA","1","2025-05-20 21:42:38.169957"
131,"6346","2025-01-01T00:00:00.000","270.7","VA","1","2025-05-20 21:42:38.169957"
132,"6354","2025-01-01T00:00:00.000","311.8","VA","1","2025-05-20 21:42:38.169957"
133,"6356","2025-01-01T00:00:00.000","309.2","VA","1","2025-05-20 21:42:38.169957"
134,"6364","2025-01-01T00:00:00.000","106.0","VA","1","2025-05-20 21:42:38.169957"
135,"6400","2025-01-01T00:00:00.000","98.9","VA","1","2025-05-20 21:42:38.169957"
136,"6402","2025-01-01T00:00:00.000","43.3","VA","1","2025-05-20 21:42:38.169957"
137,"6408","2025-01-01T00:00:00.000","71.4","VA","1","2025-05-20 21:42:38.169957"
138,"6411","2025-01-01T00:00:00.000","1.8","VA","1","2025-05-20 21:42:38.169957"
139,"6412","2025-01-01T00:00:00.000","272.1","VA","1","2025-05-20 21:42:38.169957"
140,"6419","2025-01-01T00:00:00.000","69.4","VA","1","2025-05-20 21:42:38.169957"
141,"6428","2025-01-01T00:00:00.000","94.1","VA","1","2025-05-20 21:42:38.169957"
142,"6582","2025-01-01T00:00:00.000","6.1","VA","1","2025-05-20 21:42:38.169957"
143,"6587","2025-01-01T00:00:00.000","0.5","VA","1","2025-05-20 21:42:38.169957"
144,"6665","2025-01-01T00:00:00.000","11.1","VA","1","2025-05-20 21:42:38.169957"
145,"6685","2025-01-01T00:00:00.000","46.2","VA","1","2025-05-20 21:42:38.169957"
146,"6686","2025-01-01T00:00:00.000","2.4","VA","1","2025-05-20 21:42:38.169957"
147,"6690","2025-01-01T00:00:00.000","199.4","VA","1","2025-05-20 21:42:38.169957"
148,"6691","2025-01-01T00:00:00.000","4.1","VA","1","2025-05-20 21:42:38.169957"
149,"6701","2025-01-01T00:00:00.000","52.8","VA","1","2025-05-20 21:42:38.169957"
150,"6705","2025-01-01T00:00:00.000","-9999","NA","1","2025-05-20 21:42:38.169957"
151,"6706","2025-01-01T00:00:00.000","243.8","VA","1","2025-05-20 21:42:38.169957"
152,"6761","2025-01-01T00:00:00.000","32.4","VA","1","2025-05-20 21:42:38.169957"
153,"6766","2025-01-01T00:00:00.000","36.9","VA","1","2025-05-20 21:42:38.169957"
154,"6781","2025-01-01T00:00:00.000","47.3","VA","1","2025-05-20 21:42:38.169957"
155,"6782","2025-01-01T00:00:00.000","1.0","VA","1","2025-05-20 21:42:38.169957"
156,"6784","2025-01-01T00:00:00.000","106.3","VA","1","2025-05-20 21:42:38.169957"
157,"6798","2025-01-01T00:00:00.000","26.6","VA","1","2025-05-20 21:42:38.169957"
158,"6803","2025-01-01T00:00:00.000","35.3","VA","1","2025-05-20 21:42:38.169957"
159,"6804","2025-01-01T00:00:00.000","11.5","VA","1","2025-05-20 21:42:38.169957"
160,"6813","2025-01-01T00:00:00.000","54.7","VA","1","2025-05-20 21:42:38.169957"
161,"6817","2025-01-01T00:00:00.000","67.8","VA","1","2025-05-20 21:42:38.169957"
162,"6818","2025-01-01T00:00:00.000","27.0","VA","1","2025-05-20 21:42:38.169957"
163,"6826","2025-01-01T00:00:00.000","42.6","VA","1","2025-05-20 21:42:38.169957"
164,"6864","2025-01-01T00:00:00.000","73.2","VA","1","2025-05-20 21:42:38.169957"
165,"6869","2025-01-01T00:00:00.000","3.9","VA","1","2025-05-20 21:42:38.169957"
166,"6870","2025-01-01T00:00:00.000","2.7","VA","1","2025-05-20 21:42:38.169957"
167,"6871","2025-01-01T00:00:00.000","46.8","VA","1","2025-05-20 21:42:38.169957"
168,"6872","2025-01-01T00:00:00.000","3.7","VA","1","2025-05-20 21:42:38.169957"
169,"6877","2025-01-01T00:00:00.000","25.5","VA","1","2025-05-20 21:42:38.169957"
170,"6879","2025-01-01T00:00:00.000","0.4","VA","1","2025-05-20 21:42:38.169957"
171,"6880","2025-01-01T00:00:00.000","35.7","VA","1","2025-05-20 21:42:38.169957"
172,"6884","2025-01-01T00:00:00.000","0.2","VA","1","2025-05-20 21:42:38.169957"
173,"6904","2025-01-01T00:00:00.000","3.2","VA","1","2025-05-20 21:42:38.169957"
174,"6908","2025-01-01T00:00:00.000","233","VA","1","2025-05-20 21:42:38.169957"
175,"6910","2025-01-01T00:00:00.000","98","VA","1","2025-05-20 21:42:38.169957"
176,"6912","2025-01-01T00:00:00.000","101","VA","1","2025-05-20 21:42:38.169957"
177,"6915","2025-01-01T00:00:00.000","78","VA","1","2025-05-20 21:42:38.169957"
178,"6917","2025-01-01T00:00:00.000","57","VA","1","2025-05-20 21:42:38.169957"
179,"6918","2025-01-01T00:00:00.000","41","VA","1","2025-05-20 21:42:38.169957"
180,"6919","2025-01-01T00:00:00.000","56","VA","1","2025-05-20 21:42:38.169957"
181,"6925","2025-01-01T00:00:00.000","31","VA","1","2025-05-20 21:42:38.169957"
182,"6926","2025-01-01T00:00:00.000","51","VA","1","2025-05-20 21:42:38.169957"
183,"6927","2025-01-01T00:00:00.000","28","VA","1","2025-05-20 21:42:38.169957"
184,"6929","2025-01-01T00:00:00.000","86","VA","1","2025-05-20 21:42:38.169957"
185,"6931","2025-01-01T00:00:00.000","87","VA","1","2025-05-20 21:42:38.169957"
186,"6935","2025-01-01T00:00:00.000","138","VA","1","2025-05-20 21:42:38.169957"
187,"6936","2025-01-01T00:00:00.000","78","VA","1","2025-05-20 21:42:38.169957"
188,"6939","2025-01-01T00:00:00.000","136","VA","1","2025-05-20 21:42:38.169957"
189,"6945","2025-01-01T00:00:00.000","117","VA","1","2025-05-20 21:42:38.169957"
190,"6947","2025-01-01T00:00:00.000","86","VA","1","2025-05-20 21:42:38.169957"
191,"6951","2025-01-01T00:00:00.000","59","VA","1","2025-05-20 21:42:38.169957"
192,"6952","2025-01-01T00:00:00.000","50","VA","1","2025-05-20 21:42:38.169957"
193,"6953","2025-01-01T00:00:00.000","70","VA","1","2025-05-20 21:42:38.169957"
194,"6954","2025-01-01T00:00:00.000","94","VA","1","2025-05-20 21:42:38.169957"
195,"6955","2025-01-01T00:00:00.000","80","VA","1","2025-05-20 21:42:38.169957"
196,"6956","2025-01-01T00:00:00.000","143","VA","1","2025-05-20 21:42:38.169957"
197,"6958","2025-01-01T00:00:00.000","51","VA","1","2025-05-20 21:42:38.169957"
198,"6959","2025-01-01T00:00:00.000","72","VA","1","2025-05-20 21:42:38.169957"
199,"6962","2025-01-01T00:00:00.000","110","VA","1","2025-05-20 21:42:38.169957"
200,"6966","2025-01-01T00:00:00.000","2.4","VA","1","2025-05-20 21:42:38.169957"
201,"9739","2025-01-01T00:00:00.000","98","VA","1","2025-05-20 21:42:38.169957"
202,"9740","2025-01-01T00:00:00.000","99","VA","1","2025-05-20 21:42:38.169957"
203,"9772","2025-01-01T00:00:00.000","3.8","VA","1","2025-05-20 21:42:38.169957"
204,"9797","2025-01-01T00:00:00.000","2.5","VA","1","2025-05-20 21:42:38.169957"
205,"9798","2025-01-01T00:00:00.000","0.9","VA","1","2025-05-20 21:42:38.169957"
206,"9802","2025-01-01T00:00:00.000","27.2","VA","1","2025-05-20 21:42:38.169957"
207,"9804","2025-01-01T00:00:00.000","81.9","VA","1","2025-05-20 21:42:38.169957"
208,"9831","2025-01-01T00:00:00.000","81","VA","1","2025-05-20 21:42:38.169957"
209,"9833","2025-01-01T00:00:00.000","2.0","VA","1","2025-05-20 21:42:38.169957"
210,"9835","2025-01-01T00:00:00.000","86","VA","1","2025-05-20 21:42:38.169957"
211,"9852","2025-01-01T00:00:00.000","15.7","VA","1","2025-05-20 21:42:38.169957"
212,"9854","2025-01-01T00:00:00.000","0.6","VA","1","2025-05-20 21:42:38.169957"
213,"9855","2025-01-01T00:00:00.000","34.2","VA","1","2025-05-20 21:42:38.169957"
214,"9856","2025-01-01T00:00:00.000","3.0","VA","1","2025-05-20 21:42:38.169957"
215,"9857","2025-01-01T00:00:00.000","41.7","VA","1","2025-05-20 21:42:38.169957"
216,"9859","2025-01-01T00:00:00.000","1.9","VA","1","2025-05-20 21:42:38.169957"
217,"9860","2025-01-01T00:00:00.000","178.0","VA","1","2025-05-20 21:42:38.169957"
218,"9861","2025-01-01T00:00:00.000","7.4","VA","1","2025-05-20 21:42:38.169957"
219,"9872","2025-01-01T00:00:00.000","75","VA","1","2025-05-20 21:42:38.169957"
220,"9873","2025-01-01T00:00:00.000","72","VA","1","2025-05-20 21:42:38.169957"
221,"9875","2025-01-01T00:00:00.000","141.6","VA","1","2025-05-20 21:42:38.169957"
222,"9877","2025-01-01T00:00:00.000","59.5","VA","1","2025-05-20 21:42:38.169957"
223,"9882","2025-01-01T00:00:00.000","17.6","VA","1","2025-05-20 21:42:38.169957"
224,"9890","2025-01-01T00:00:00.000","128","VA","1","2025-05-20 21:42:38.169957"
225,"9896","2025-01-01T00:00:00.000","85.3","VA","1","2025-05-20 21:42:38.169957"
226,"9897","2025-01-01T00:00:00.000","36.4","VA","1","2025-05-20 21:42:38.169957"
227,"9899","2025-01-01T00:00:00.000","6.9","VA","1","2025-05-20 21:42:38.169957"
228,"9917","2025-01-01T00:00:00.000","164.2","VA","1","2025-05-20 21:42:38.169957"
229,"9918","2025-01-01T00:00:00.000","90.7","VA","1","2025-05-20 21:42:38.169957"
230,"9920","2025-01-01T00:00:00.000","86.7","VA","1","2025-05-20 21:42:38.169957"
231,"9925","2025-01-01T00:00:00.000","0.5","VA","1","2025-05-20 21:42:38.169957"
232,"9927","2025-01-01T00:00:00.000","120","VA","1","2025-05-20 21:42:38.169957"
233,"9928","2025-01-01T00:00:00.000","31.3","VA","1","2025-05-20 21:42:38.169957"
234,"9930","2025-01-01T00:00:00.000","116.7","VA","1","2025-05-20 21:42:38.169957"
235,"9961","2025-01-01T00:00:00.000","90","VA","1","2025-05-20 21:42:38.169957"
236,"9965","2025-01-01T00:00:00.000","146","VA","1","2025-05-20 21:42:38.169957"
237,"9993","2025-01-01T00:00:00.000","21.2","VA","1","2025-05-20 21:42:38.169957"
238,"9995","2025-01-01T00:00:00.000","0.9","VA","1","2025-05-20 21:42:38.169957"
239,"9996","2025-01-01T00:00:00.000","23.2","VA","1","2025-05-20 21:42:38.169957"
240,"9997","2025-01-01T00:00:00.000","6.0","VA","1","2025-05-20 21:42:38.169957"
241,"9999","2025-01-01T00:00:00.000","46.2","VA","1","2025-05-20 21:42:38.169957"
242,"10001","2025-01-01T00:00:00.000","71.3","VA","1","2025-05-20 21:42:38.169957"
243,"10013","2025-01-01T00:00:00.000","74","VA","1","2025-05-20 21:42:38.169957"
244,"10016","2025-01-01T00:00:00.000","3.1","VA","1","2025-05-20 21:42:38.169957"
245,"10017","2025-01-01T00:00:00.000","54.2","VA","1","2025-05-20 21:42:38.169957"
246,"10018","2025-01-01T00:00:00.000","2.6","VA","1","2025-05-20 21:42:38.169957"
247,"10019","2025-01-01T00:00:00.000","37.2","VA","1","2025-05-20 21:42:38.169957"
248,"10020","2025-01-01T00:00:00.000","2.2","VA","1","2025-05-20 21:42:38.169957"
249,"10025","2025-01-01T00:00:00.000","4.0","VA","1","2025-05-20 21:42:38.169957"
250,"10027","2025-01-01T00:00:00.000","58","VA","1","2025-05-20 21:42:38.169957"
251,"10028","2025-01-01T00:00:00.000","45","VA","1","2025-05-20 21:42:38.169957"
252,"10035","2025-01-01T00:00:00.000","4.4","VA","1","2025-05-20 21:42:38.169957"
253,"10036","2025-01-01T00:00:00.000","1.8","VA","1","2025-05-20 21:42:38.169957"
254,"10037","2025-01-01T00:00:00.000","66.5","VA","1","2025-05-20 21:42:38.169957"
255,"10038","2025-01-01T00:00:00.000","28.9","VA","1","2025-05-20 21:42:38.169957"
256,"10041","2025-01-01T00:00:00.000","0.0","VA","1","2025-05-20 21:42:38.169957"
257,"10043","2025-01-01T00:00:00.000","53","VA","1","2025-05-20 21:42:38.169957"
258,"10070","2025-01-01T00:00:00.000","2.1","VA","1","2025-05-20 21:42:38.169957"
259,"10072","2025-01-01T00:00:00.000","70","VA","1","2025-05-20 21:42:38.169957"
260,"10078","2025-01-01T00:00:00.000","128.3","VA","1","2025-05-20 21:42:38.169957"
261,"10079","2025-01-01T00:00:00.000","35.5","VA","1","2025-05-20 21:42:38.169957"
262,"10081","2025-01-01T00:00:00.000","2.9","VA","1","2025-05-20 21:42:38.169957"
263,"10083","2025-01-01T00:00:00.000","78","VA","1","2025-05-20 21:42:38.169957"
264,"10085","2025-01-01T00:00:00.000","66","VA","1","2025-05-20 21:42:38.169957"
265,"10095","2025-01-01T00:00:00.000","57.1","VA","1","2025-05-20 21:42:38.169957"
266,"10097","2025-01-01T00:00:00.000","23.4","VA","1","2025-05-20 21:42:38.169957"
267,"10103","2025-01-01T00:00:00.000","81","VA","1","2025-05-20 21:42:38.169957"
268,"10165","2025-01-01T00:00:00.000","40.6","VA","1","2025-05-20 21:42:38.169957"
269,"10166","2025-01-01T00:00:00.000","0.9","VA","1","2025-05-20 21:42:38.169957"
270,"10167","2025-01-01T00:00:00.000","19.7","VA","1","2025-05-20 21:42:38.169957"
271,"10168","2025-01-01T00:00:00.000","2.6","VA","1","2025-05-20 21:42:38.169957"
272,"10169","2025-01-01T00:00:00.000","0.8","VA","1","2025-05-20 21:42:38.169957"
273,"10171","2025-01-01T00:00:00.000","6.3","VA","1","2025-05-20 21:42:38.169957"
274,"10173","2025-01-01T00:00:00.000","77","VA","1","2025-05-20 21:42:38.169957"
275,"10176","2025-01-01T00:00:00.000","59","VA","1","2025-05-20 21:42:38.169957"
276,"10197","2025-01-01T00:00:00.000","51","VA","1","2025-05-20 21:42:38.169957"
277,"10258","2025-01-01T00:00:00.000","146.1","VA","1","2025-05-20 21:42:38.169957"
278,"10259","2025-01-01T00:00:00.000","4.5","VA","1","2025-05-20 21:42:38.169957"
279,"10273","2025-01-01T00:00:00.000","250","VA","1","2025-05-20 21:42:38.169957"
280,"10278","2025-01-01T00:00:00.000","263.5","VA","1","2025-05-20 21:42:38.169957"
281,"10279","2025-01-01T00:00:00.000","78.1","VA","1","2025-05-20 21:42:38.169957"
282,"10280","2025-01-01T00:00:00.000","7.0","VA","1","2025-05-20 21:42:38.169957"
283,"10282","2025-01-01T00:00:00.000","4.6","VA","1","2025-05-20 21:42:38.169957"
284,"10283","2025-01-01T00:00:00.000","119","VA","1","2025-05-20 21:42:38.169957"
285,"10285","2025-01-01T00:00:00.000","43.7","VA","1","2025-05-20 21:42:38.169957"
286,"10286","2025-01-01T00:00:00.000","35.4","VA","1","2025-05-20 21:42:38.169957"
287,"10288","2025-01-01T00:00:00.000","18.1","VA","1","2025-05-20 21:42:38.169957"
288,"10290","2025-01-01T00:00:00.000","30","VA","1","2025-05-20 21:42:38.169957"
289,"10301","2025-01-01T00:00:00.000","0.7","VA","1","2025-05-20 21:42:38.169957"
290,"10320","2025-01-01T00:00:00.000","169","VA","1","2025-05-20 21:42:38.169957"
291,"10326","2025-01-01T00:00:00.000","35.6","VA","1","2025-05-20 21:42:38.169957"
292,"10327","2025-01-01T00:00:00.000","5.5","VA","1","2025-05-20 21:42:38.169957"
293,"10329","2025-01-01T00:00:00.000","75.6","VA","1","2025-05-20 21:42:38.169957"
294,"10331","2025-01-01T00:00:00.000","36.5","VA","1","2025-05-20 21:42:38.169957"
295,"10333","2025-01-01T00:00:00.000","112.6","VA","1","2025-05-20 21:42:38.169957"
296,"10335","2025-01-01T00:00:00.000","81","VA","1","2025-05-20 21:42:38.169957"
297,"10339","2025-01-01T00:00:00.000","154","VA","1","2025-05-20 21:42:38.169957"
298,"10343","2025-01-01T00:00:00.000","75","VA","1","2025-05-20 21:42:38.169957"
299,"10347","2025-01-01T00:00:00.000","72","VA","1","2025-05-20 21:42:38.169957"
300,"10352","2025-01-01T00:00:00.000","59","VA","1","2025-05-20 21:42:38.169957"
301,"10384","2025-01-01T00:00:00.000","2.4","VA","1","2025-05-20 21:42:38.169957"
302,"10396","2025-01-01T00:00:00.000","115","VA","1","2025-05-20 21:42:38.169957"
303,"10399","2025-01-01T00:00:00.000","76","VA","1","2025-05-20 21:42:38.169957"
304,"10405","2025-01-01T00:00:00.000","65","VA","1","2025-05-20 21:42:38.169957"
305,"10431","2025-01-01T00:00:00.000","84.3","VA","1","2025-05-20 21:42:38.169957"
306,"10432","2025-01-01T00:00:00.000","36.8","VA","1","2025-05-20 21:42:38.169957"
307,"5586","2025-01-01T00:00:00.000","45.7","VA","1","2025-05-20 21:42:38.169957"
308,"5587","2025-01-01T00:00:00.000","53.4","VA","1","2025-05-20 21:42:38.169957"
309,"5591","2025-01-01T00:00:00.000","17.7","VA","1","2025-05-20 21:42:38.169957"
310,"5595","2025-01-01T00:00:00.000","51.1","VA","1","2025-05-20 21:42:38.169957"
311,"5598","2025-01-01T00:00:00.000","26.8","VA","1","2025-05-20 21:42:38.169957"
312,"5599","2025-01-01T00:00:00.000","47.2","VA","1","2025-05-20 21:42:38.169957"
313,"5601","2025-01-01T00:00:00.000","29.5","VA","1","2025-05-20 21:42:38.169957"
314,"5794","2025-01-01T00:00:00.000","0.7","VA","1","2025-05-20 21:42:38.169957"
315,"5798","2025-01-01T00:00:00.000","1.8","VA","1","2025-05-20 21:42:38.169957"
316,"5805","2025-01-01T00:00:00.000","0.7","VA","1","2025-05-20 21:42:38.169957"
317,"5809","2025-01-01T00:00:00.000","1.6","VA","1","2025-05-20 21:42:38.169957"
318,"5812","2025-01-01T00:00:00.000","1.0","VA","1","2025-05-20 21:42:38.169957"
319,"5814","2025-01-01T00:00:00.000","2.0","VA","1","2025-05-20 21:42:38.169957"
320,"5989","2025-01-01T00:00:00.000","1.6","VA","1","2025-05-20 21:42:38.169957"
321,"6005","2025-01-01T00:00:00.000","6.5","VA","1","2025-05-20 21:42:38.169957"
322,"6057","2025-01-01T00:00:00.000","5.0","VA","1","2025-05-20 21:42:38.169957"
323,"6366","2025-01-01T00:00:00.000","317.7","VA","1","2025-05-20 21:42:38.169957"
324,"6204","2025-01-01T00:00:00.000","131.5","VA","1","2025-05-20 21:42:38.169957"
325,"6374","2025-01-01T00:00:00.000","25.7","VA","1","2025-05-20 21:42:38.169957"
326,"6380","2025-01-01T00:00:00.000","66.1","VA","1","2025-05-20 21:42:38.169957"
327,"6382","2025-01-01T00:00:00.000","96.6","VA","1","2025-05-20 21:42:38.169957"
328,"6386","2025-01-01T00:00:00.000","299.8","VA","1","2025-05-20 21:42:38.169957"
329,"6398","2025-01-01T00:00:00.000","123.4","VA","1","2025-05-20 21:42:38.169957"
330,"6831","2025-01-01T00:00:00.000","55.2","VA","1","2025-05-20 21:42:38.169957"
331,"6832","2025-01-01T00:00:00.000","6.7","VA","1","2025-05-20 21:42:38.169957"
332,"6841","2025-01-01T00:00:00.000","20.1","VA","1","2025-05-20 21:42:38.169957"
333,"6845","2025-01-01T00:00:00.000","35.3","VA","1","2025-05-20 21:42:38.169957"
334,"6859","2025-01-01T00:00:00.000","26.5","VA","1","2025-05-20 21:42:38.169957"
335,"9968","2025-01-01T00:00:00.000","99.2","VA","1","2025-05-20 21:42:38.169957"
336,"9969","2025-01-01T00:00:00.000","49.3","VA","1","2025-05-20 21:42:38.169957"
337,"9971","2025-01-01T00:00:00.000","1.2","VA","1","2025-05-20 21:42:38.169957"
338,"9972","2025-01-01T00:00:00.000","8.8","VA","1","2025-05-20 21:42:38.169957"
339,"9976","2025-01-01T00:00:00.000","42","VA","1","2025-05-20 21:42:38.169957"
340,"9978","2025-01-01T00:00:00.000","132","VA","1","2025-05-20 21:42:38.169957"
341,"9983","2025-01-01T00:00:00.000","63","VA","1","2025-05-20 21:42:38.169957"
342,"9984","2025-01-01T00:00:00.000","77","VA","1","2025-05-20 21:42:38.169957"
343,"9985","2025-01-01T00:00:00.000","89","VA","1","2025-05-20 21:42:38.169957"
344,"9991","2025-01-01T00:00:00.000","86.8","VA","1","2025-05-20 21:42:38.169957"
345,"10451","2025-01-01T00:00:00.000","156.8","VA","1","2025-05-20 21:42:38.169957"
346,"10452","2025-01-01T00:00:00.000","58.3","VA","1","2025-05-20 21:42:38.169957"
347,"10454","2025-01-01T00:00:00.000","3.4","VA","1","2025-05-20 21:42:38.169957"
348,"10456","2025-01-01T00:00:00.000","108","VA","1","2025-05-20 21:42:38.169957"
349,"10457","2025-01-01T00:00:00.000","52.1","VA","1","2025-05-20 21:42:38.169957"
350,"10458","2025-01-01T00:00:00.000","35.8","VA","1","2025-05-20 21:42:38.169957"
351,"10463","2025-01-01T00:00:00.000","-9999","NA","1","2025-05-20 21:42:38.169957"
352,"10483","2025-01-01T00:00:00.000","120","VA","1","2025-05-20 21:42:38.169957"
353,"10484","2025-01-01T00:00:00.000","108","VA","1","2025-05-20 21:42:38.169957"
354,"10491","2025-01-01T00:00:00.000","11","VA","1","2025-05-20 21:42:38.169957"
355,"10505","2025-01-01T00:00:00.000","98.0","VA","1","2025-05-20 21:42:38.169957"
356,"10506","2025-01-01T00:00:00.000","3.7","VA","1","2025-05-20 21:42:38.169957"
357,"5827","2025-01-01T00:00:00.000","2.7","VA","1","2025-05-20 21:42:38.169957"
358,"5834","2025-01-01T00:00:00.000","1.4","VA","1","2025-05-20 21:42:38.169957"
359,"5835","2025-01-01T00:00:00.000","1.7","VA","1","2025-05-20 21:42:38.169957"
360,"5842","2025-01-01T00:00:00.000","0.3","VA","1","2025-05-20 21:42:38.169957"
361,"5845","2025-01-01T00:00:00.000","1.4","VA","1","2025-05-20 21:42:38.169957"
362,"5847","2025-01-01T00:00:00.000","1.9","VA","1","2025-05-20 21:42:38.169957"
363,"5853","2025-01-01T00:00:00.000","1.3","VA","1","2025-05-20 21:42:38.169957"
364,"5950","2025-01-01T00:00:00.000","25.9","VA","1","2025-05-20 21:42:38.169957"
365,"5952","2025-01-01T00:00:00.000","3.7","VA","1","2025-05-20 21:42:38.169957"
366,"5953","2025-01-01T00:00:00.000","41.1","VA","1","2025-05-20 21:42:38.169957"
367,"5958","2025-01-01T00:00:00.000","24.6","VA","1","2025-05-20 21:42:38.169957"
368,"5960","2025-01-01T00:00:00.000","3.1","VA","1","2025-05-20 21:42:38.169957"
369,"5965","2025-01-01T00:00:00.000","59.9","VA","1","2025-05-20 21:42:38.169957"
370,"6208","2025-01-01T00:00:00.000","92.2","VA","1","2025-05-20 21:42:38.169957"
371,"6212","2025-01-01T00:00:00.000","151.8","VA","1","2025-05-20 21:42:38.169957"
372,"6218","2025-01-01T00:00:00.000","72.2","VA","1","2025-05-20 21:42:38.169957"
373,"6220","2025-01-01T00:00:00.000","62.3","VA","1","2025-05-20 21:42:38.169957"
374,"6228","2025-01-01T00:00:00.000","24.2","VA","1","2025-05-20 21:42:38.169957"
375,"6230","2025-01-01T00:00:00.000","77.9","VA","1","2025-05-20 21:42:38.169957"
376,"6232","2025-01-01T00:00:00.000","348.7","VA","1","2025-05-20 21:42:38.169957"
377,"6246","2025-01-01T00:00:00.000","59.6","VA","1","2025-05-20 21:42:38.169957"
378,"6248","2025-01-01T00:00:00.000","56.3","VA","1","2025-05-20 21:42:38.169957"
379,"6252","2025-01-01T00:00:00.000","59.4","VA","1","2025-05-20 21:42:38.169957"
380,"6260","2025-01-01T00:00:00.000","79.8","VA","1","2025-05-20 21:42:38.169957"
381,"6264","2025-01-01T00:00:00.000","196.0","VA","1","2025-05-20 21:42:38.169957"
382,"6268","2025-01-01T00:00:00.000","155.0","VA","1","2025-05-20 21:42:38.169957"
383,"6274","2025-01-01T00:00:00.000","133.6","VA","1","2025-05-20 21:42:38.169957"
384,"6276","2025-01-01T00:00:00.000","179.7","VA","1","2025-05-20 21:42:38.169957"
385,"6280","2025-01-01T00:00:00.000","100.3","VA","1","2025-05-20 21:42:38.169957"
386,"6288","2025-01-01T00:00:00.000","140.4","VA","1","2025-05-20 21:42:38.169957"
387,"6300","2025-01-01T00:00:00.000","258.0","VA","1","2025-05-20 21:42:38.169957"
388,"6320","2025-01-01T00:00:00.000","194.3","VA","1","2025-05-20 21:42:38.169957"
389,"6324","2025-01-01T00:00:00.000","374.4","VA","1","2025-05-20 21:42:38.169957"
390,"6326","2025-01-01T00:00:00.000","201.1","VA","1","2025-05-20 21:42:38.169957"
391,"6328","2025-01-01T00:00:00.000","325.8","VA","1","2025-05-20 21:42:38.169957"
392,"6330","2025-01-01T00:00:00.000","105.9","VA","1","2025-05-20 21:42:38.169957"
393,"6338","2025-01-01T00:00:00.000","92.6","VA","1","2025-05-20 21:42:38.169957"
394,"5504","2025-01-01T00:00:00.000","76.2","VA","1","2025-05-20 21:42:38.169957"
395,"5507","2025-01-01T00:00:00.000","94.0","VA","1","2025-05-20 21:42:38.169957"
396,"5517","2025-01-01T00:00:00.000","63.6","VA","1","2025-05-20 21:42:38.169957"
397,"5520","2025-01-01T00:00:00.000","42.1","VA","1","2025-05-20 21:42:38.169957"
398,"5531","2025-01-01T00:00:00.000","98.2","VA","1","2025-05-20 21:42:38.169957"
399,"5532","2025-01-01T00:00:00.000","82.4","VA","1","2025-05-20 21:42:38.169957"
400,"30166","2024-12-31T23:00:00.000","3.0","VA","1","2025-05-20 21:42:38.169957"
401,"30165","2024-12-31T23:00:00.000","4.4","VA","1","2025-05-20 21:42:38.169957"
402,"30163","2024-12-31T23:00:00.000","46.9","VA","1","2025-05-20 21:42:38.169957"
403,"30162","2024-12-31T23:00:00.000","90.9","VA","1","2025-05-20 21:42:38.169957"
404,"9860","2024-12-31T23:00:00.000","254.3","VA","1","2025-05-20 21:42:38.169957"
405,"9861","2024-12-31T23:00:00.000","7.6","VA","1","2025-05-20 21:42:38.169957"
406,"9875","2024-12-31T23:00:00.000","167.8","VA","1","2025-05-20 21:42:38.169957"
407,"9877","2024-12-31T23:00:00.000","66.9","VA","1","2025-05-20 21:42:38.169957"
408,"9882","2024-12-31T23:00:00.000","17.3","VA","1","2025-05-20 21:42:38.169957"
409,"9896","2024-12-31T23:00:00.000","86.0","VA","1","2025-05-20 21:42:38.169957"
410,"9897","2024-12-31T23:00:00.000","36.1","VA","1","2025-05-20 21:42:38.169957"
411,"9899","2024-12-31T23:00:00.000","4.4","VA","1","2025-05-20 21:42:38.169957"
412,"9917","2024-12-31T23:00:00.000","155.0","VA","1","2025-05-20 21:42:38.169957"
413,"9918","2024-12-31T23:00:00.000","106.8","VA","1","2025-05-20 21:42:38.169957"
414,"9920","2024-12-31T23:00:00.000","126.9","VA","1","2025-05-20 21:42:38.169957"
415,"9925","2024-12-31T23:00:00.000","0.8","VA","1","2025-05-20 21:42:38.169957"
416,"9928","2024-12-31T23:00:00.000","35.0","VA","1","2025-05-20 21:42:38.169957"
417,"9930","2024-12-31T23:00:00.000","134.5","VA","1","2025-05-20 21:42:38.169957"
418,"9993","2024-12-31T23:00:00.000","26.2","VA","1","2025-05-20 21:42:38.169957"
419,"9995","2024-12-31T23:00:00.000","1.0","VA","1","2025-05-20 21:42:38.169957"
420,"9996","2024-12-31T23:00:00.000","45.1","VA","1","2025-05-20 21:42:38.169957"
421,"9997","2024-12-31T23:00:00.000","5.0","VA","1","2025-05-20 21:42:38.169957"
422,"9999","2024-12-31T23:00:00.000","49.0","VA","1","2025-05-20 21:42:38.169957"
423,"10001","2024-12-31T23:00:00.000","120.3","VA","1","2025-05-20 21:42:38.169957"
424,"10016","2024-12-31T23:00:00.000","3.2","VA","1","2025-05-20 21:42:38.169957"
425,"10017","2024-12-31T23:00:00.000","66.8","VA","1","2025-05-20 21:42:38.169957"
426,"10018","2024-12-31T23:00:00.000","2.9","VA","1","2025-05-20 21:42:38.169957"
427,"10019","2024-12-31T23:00:00.000","41.0","VA","1","2025-05-20 21:42:38.169957"
428,"10020","2024-12-31T23:00:00.000","2.4","VA","1","2025-05-20 21:42:38.169957"
429,"10025","2024-12-31T23:00:00.000","6.2","VA","1","2025-05-20 21:42:38.169957"
430,"10035","2024-12-31T23:00:00.000","4.5","VA","1","2025-05-20 21:42:38.169957"
431,"10036","2024-12-31T23:00:00.000","5.3","VA","1","2025-05-20 21:42:38.169957"
432,"10037","2024-12-31T23:00:00.000","86.0","VA","1","2025-05-20 21:42:38.169957"
433,"10038","2024-12-31T23:00:00.000","32.3","VA","1","2025-05-20 21:42:38.169957"
434,"10041","2024-12-31T23:00:00.000","0.8","VA","1","2025-05-20 21:42:38.169957"
435,"10070","2024-12-31T23:00:00.000","2.2","VA","1","2025-05-20 21:42:38.169957"
436,"10078","2024-12-31T23:00:00.000","148.0","VA","1","2025-05-20 21:42:38.169957"
437,"10079","2024-12-31T23:00:00.000","43.7","VA","1","2025-05-20 21:42:38.169957"
438,"10081","2024-12-31T23:00:00.000","3.0","VA","1","2025-05-20 21:42:38.169957"
439,"10095","2024-12-31T23:00:00.000","69.0","VA","1","2025-05-20 21:42:38.169957"
440,"10097","2024-12-31T23:00:00.000","24.0","VA","1","2025-05-20 21:42:38.169957"
441,"10165","2024-12-31T23:00:00.000","42.1","VA","1","2025-05-20 21:42:38.169957"
442,"10166","2024-12-31T23:00:00.000","1.0","VA","1","2025-05-20 21:42:38.169957"
443,"10167","2024-12-31T23:00:00.000","29.4","VA","1","2025-05-20 21:42:38.169957"
444,"10168","2024-12-31T23:00:00.000","2.6","VA","1","2025-05-20 21:42:38.169957"
445,"10169","2024-12-31T23:00:00.000","0.8","VA","1","2025-05-20 21:42:38.169957"
446,"10171","2024-12-31T23:00:00.000","6.4","VA","1","2025-05-20 21:42:38.169957"
447,"10258","2024-12-31T23:00:00.000","102.7","VA","1","2025-05-20 21:42:38.169957"
448,"10259","2024-12-31T23:00:00.000","4.7","VA","1","2025-05-20 21:42:38.169957"
449,"10278","2024-12-31T23:00:00.000","244.7","VA","1","2025-05-20 21:42:38.169957"
450,"10279","2024-12-31T23:00:00.000","74.3","VA","1","2025-05-20 21:42:38.169957"
451,"10280","2024-12-31T23:00:00.000","6.8","VA","1","2025-05-20 21:42:38.169957"
452,"10282","2024-12-31T23:00:00.000","4.3","VA","1","2025-05-20 21:42:38.169957"
453,"10285","2024-12-31T23:00:00.000","46.3","VA","1","2025-05-20 21:42:38.169957"
454,"10286","2024-12-31T23:00:00.000","40.0","VA","1","2025-05-20 21:42:38.169957"
455,"10288","2024-12-31T23:00:00.000","15.1","VA","1","2025-05-20 21:42:38.169957"
456,"10301","2024-12-31T23:00:00.000","0.9","VA","1","2025-05-20 21:42:38.169957"
457,"10326","2024-12-31T23:00:00.000","34.2","VA","1","2025-05-20 21:42:38.169957"
458,"10327","2024-12-31T23:00:00.000","5.8","VA","1","2025-05-20 21:42:38.169957"
459,"10329","2024-12-31T23:00:00.000","58.5","VA","1","2025-05-20 21:42:38.169957"
460,"10331","2024-12-31T23:00:00.000","48.9","VA","1","2025-05-20 21:42:38.169957"
461,"10333","2024-12-31T23:00:00.000","178.5","VA","1","2025-05-20 21:42:38.169957"
462,"10384","2024-12-31T23:00:00.000","2.7","VA","1","2025-05-20 21:42:38.169957"
463,"10431","2024-12-31T23:00:00.000","90.2","VA","1","2025-05-20 21:42:38.169957"
464,"10432","2024-12-31T23:00:00.000","38.7","VA","1","2025-05-20 21:42:38.169957"
465,"10437","2024-12-31T23:00:00.000","3.8","VA","1","2025-05-20 21:42:38.169957"
466,"10507","2024-12-31T23:00:00.000","50.7","VA","1","2025-05-20 21:42:38.169957"
467,"10511","2024-12-31T23:00:00.000","2.0","VA","1","2025-05-20 21:42:38.169957"
468,"10580","2024-12-31T23:00:00.000","2.2","VA","1","2025-05-20 21:42:38.169957"
469,"10581","2024-12-31T23:00:00.000","19.1","VA","1","2025-05-20 21:42:38.169957"
470,"10583","2024-12-31T23:00:00.000","27.4","VA","1","2025-05-20 21:42:38.169957"
471,"10584","2024-12-31T23:00:00.000","37.5","VA","1","2025-05-20 21:42:38.169957"
472,"10587","2024-12-31T23:00:00.000","42.9","VA","1","2025-05-20 21:42:38.169957"
473,"11041","2024-12-31T23:00:00.000","4.7","VA","1","2025-05-20 21:42:38.169957"
474,"12016","2024-12-31T23:00:00.000","88.0","VA","1","2025-05-20 21:42:38.169957"
475,"12017","2024-12-31T23:00:00.000","33.5","VA","1","2025-05-20 21:42:38.169957"
476,"12020","2024-12-31T23:00:00.000","1.9","VA","1","2025-05-20 21:42:38.169957"
477,"17042","2024-12-31T23:00:00.000","13.0","VA","1","2025-05-20 21:42:38.169957"
478,"17126","2024-12-31T23:00:00.000","4.0","VA","1","2025-05-20 21:42:38.169957"
479,"17127","2024-12-31T23:00:00.000","4.5","VA","1","2025-05-20 21:42:38.169957"
480,"17285","2024-12-31T23:00:00.000","219.5","VA","1","2025-05-20 21:42:38.169957"
481,"17286","2024-12-31T23:00:00.000","57.2","VA","1","2025-05-20 21:42:38.169957"
482,"17288","2024-12-31T23:00:00.000","9.2","VA","1","2025-05-20 21:42:38.169957"
483,"17295","2024-12-31T23:00:00.000","5.6","VA","1","2025-05-20 21:42:38.169957"
484,"17297","2024-12-31T23:00:00.000","5.3","VA","1","2025-05-20 21:42:38.169957"
485,"20004","2024-12-31T23:00:00.000","9.0","VA","1","2025-05-20 21:42:38.169957"
486,"20020","2024-12-31T23:00:00.000","13.8","VA","1","2025-05-20 21:42:38.169957"
487,"20031","2024-12-31T23:00:00.000","6.4","VA","1","2025-05-20 21:42:38.169957"
488,"20032","2024-12-31T23:00:00.000","99.7","VA","1","2025-05-20 21:42:38.169957"
489,"20034","2024-12-31T23:00:00.000","49.1","VA","1","2025-05-20 21:42:38.169957"
490,"20041","2024-12-31T23:00:00.000","3.4","VA","1","2025-05-20 21:42:38.169957"
491,"20042","2024-12-31T23:00:00.000","8.9","VA","1","2025-05-20 21:42:38.169957"
492,"20082","2024-12-31T23:00:00.000","11.9","VA","1","2025-05-20 21:42:38.169957"
493,"20154","2024-12-31T23:00:00.000","16.5","VA","1","2025-05-20 21:42:38.169957"
494,"20156","2024-12-31T23:00:00.000","6.0","VA","1","2025-05-20 21:42:38.169957"
495,"20216","2024-12-31T23:00:00.000","5.4","VA","1","2025-05-20 21:42:38.169957"
496,"20401","2024-12-31T23:00:00.000","1.1","VA","1","2025-05-20 21:42:38.169957"
497,"20441","2024-12-31T23:00:00.000","6.2","VA","1","2025-05-20 21:42:38.169957"
498,"20442","2024-12-31T23:00:00.000","2.6","VA","1","2025-05-20 21:42:38.169957"
499,"20443","2024-12-31T23:00:00.000","2.2","VA","1","2025-05-20 21:42:38.169957"
500,"20455","2024-12-31T23:00:00.000","12.0","VA","1","2025-05-20 21:42:38.169957"
501,"20465","2024-12-31T23:00:00.000","4.3","VA","1","2025-05-20 21:42:38.169957"
502,"20484","2024-12-31T23:00:00.000","9.3","VA","1","2025-05-20 21:42:38.169957"
503,"20487","2024-12-31T23:00:00.000","0.9","VA","1","2025-05-20 21:42:38.169957"
504,"20489","2024-12-31T23:00:00.000","109.0","VA","1","2025-05-20 21:42:38.169957"
505,"20490","2024-12-31T23:00:00.000","59.6","VA","1","2025-05-20 21:42:38.169957"
506,"20491","2024-12-31T23:00:00.000","17.6","VA","1","2025-05-20 21:42:38.169957"
507,"20493","2024-12-31T23:00:00.000","73.2","VA","1","2025-05-20 21:42:38.169957"
508,"20494","2024-12-31T23:00:00.000","17.6","VA","1","2025-05-20 21:42:38.169957"
509,"20495","2024-12-31T23:00:00.000","46.2","VA","1","2025-05-20 21:42:38.169957"
510,"20497","2024-12-31T23:00:00.000","1.2","VA","1","2025-05-20 21:42:38.169957"
511,"20523","2024-12-31T23:00:00.000","12.9","VA","1","2025-05-20 21:42:38.169957"
512,"29041","2024-12-31T23:00:00.000","1.7","VA","1","2025-05-20 21:42:38.169957"
513,"5827","2024-12-31T23:00:00.000","2.8","VA","1","2025-05-20 21:42:38.169957"
514,"5834","2024-12-31T23:00:00.000","1.2","VA","1","2025-05-20 21:42:38.169957"
515,"5835","2024-12-31T23:00:00.000","1.9","VA","1","2025-05-20 21:42:38.169957"
516,"5842","2024-12-31T23:00:00.000","0.2","VA","1","2025-05-20 21:42:38.169957"
517,"5845","2024-12-31T23:00:00.000","1.3","VA","1","2025-05-20 21:42:38.169957"
518,"5847","2024-12-31T23:00:00.000","2.1","VA","1","2025-05-20 21:42:38.169957"
519,"5853","2024-12-31T23:00:00.000","1.5","VA","1","2025-05-20 21:42:38.169957"
520,"5950","2024-12-31T23:00:00.000","27.6","VA","1","2025-05-20 21:42:38.169957"
521,"5952","2024-12-31T23:00:00.000","3.3","VA","1","2025-05-20 21:42:38.169957"
522,"5953","2024-12-31T23:00:00.000","44.1","VA","1","2025-05-20 21:42:38.169957"
523,"5958","2024-12-31T23:00:00.000","28.2","VA","1","2025-05-20 21:42:38.169957"
524,"5960","2024-12-31T23:00:00.000","2.3","VA","1","2025-05-20 21:42:38.169957"
525,"5965","2024-12-31T23:00:00.000","56.9","VA","1","2025-05-20 21:42:38.169957"
526,"6208","2024-12-31T23:00:00.000","115.7","VA","1","2025-05-20 21:42:38.169957"
527,"6212","2024-12-31T23:00:00.000","200.6","VA","1","2025-05-20 21:42:38.169957"
528,"6218","2024-12-31T23:00:00.000","96.0","VA","1","2025-05-20 21:42:38.169957"
529,"6220","2024-12-31T23:00:00.000","58.1","VA","1","2025-05-20 21:42:38.169957"
530,"6228","2024-12-31T23:00:00.000","15.1","VA","1","2025-05-20 21:42:38.169957"
531,"6230","2024-12-31T23:00:00.000","79.2","VA","1","2025-05-20 21:42:38.169957"
532,"6232","2024-12-31T23:00:00.000","292.9","VA","1","2025-05-20 21:42:38.169957"
533,"6246","2024-12-31T23:00:00.000","60.3","VA","1","2025-05-20 21:42:38.169957"
534,"6248","2024-12-31T23:00:00.000","85.6","VA","1","2025-05-20 21:42:38.169957"
535,"6252","2024-12-31T23:00:00.000","79.4","VA","1","2025-05-20 21:42:38.169957"
536,"6260","2024-12-31T23:00:00.000","65.5","VA","1","2025-05-20 21:42:38.169957"
537,"6264","2024-12-31T23:00:00.000","250.0","VA","1","2025-05-20 21:42:38.169957"
538,"6268","2024-12-31T23:00:00.000","176.0","VA","1","2025-05-20 21:42:38.169957"
539,"6274","2024-12-31T23:00:00.000","144.0","VA","1","2025-05-20 21:42:38.169957"
540,"6276","2024-12-31T23:00:00.000","174.7","VA","1","2025-05-20 21:42:38.169957"
541,"6280","2024-12-31T23:00:00.000","122.1","VA","1","2025-05-20 21:42:38.169957"
542,"6288","2024-12-31T23:00:00.000","134.0","VA","1","2025-05-20 21:42:38.169957"
543,"6300","2024-12-31T23:00:00.000","327.7","VA","1","2025-05-20 21:42:38.169957"
544,"6320","2024-12-31T23:00:00.000","191.3","VA","1","2025-05-20 21:42:38.169957"
545,"6324","2024-12-31T23:00:00.000","321.3","VA","1","2025-05-20 21:42:38.169957"
546,"6326","2024-12-31T23:00:00.000","210.1","VA","1","2025-05-20 21:42:38.169957"
547,"6328","2024-12-31T23:00:00.000","325.6","VA","1","2025-05-20 21:42:38.169957"
548,"6330","2024-12-31T23:00:00.000","126.8","VA","1","2025-05-20 21:42:38.169957"
549,"6338","2024-12-31T23:00:00.000","150.0","VA","1","2025-05-20 21:42:38.169957"
550,"5504","2024-12-31T23:00:00.000","74.4","VA","1","2025-05-20 21:42:38.169957"
551,"5507","2024-12-31T23:00:00.000","110.3","VA","1","2025-05-20 21:42:38.169957"
552,"5517","2024-12-31T23:00:00.000","71.2","VA","1","2025-05-20 21:42:38.169957"
553,"5520","2024-12-31T23:00:00.000","47.1","VA","1","2025-05-20 21:42:38.169957"
554,"5531","2024-12-31T23:00:00.000","89.0","VA","1","2025-05-20 21:42:38.169957"
555,"5532","2024-12-31T23:00:00.000","93.2","VA","1","2025-05-20 21:42:38.169957"
556,"5534","2024-12-31T23:00:00.000","82.6","VA","1","2025-05-20 21:42:38.169957"
557,"5542","2024-12-31T23:00:00.000","60.3","VA","1","2025-05-20 21:42:38.169957"
558,"5545","2024-12-31T23:00:00.000","53.4","VA","1","2025-05-20 21:42:38.169957"
559,"5547","2024-12-31T23:00:00.000","81.5","VA","1","2025-05-20 21:42:38.169957"
560,"5548","2024-12-31T23:00:00.000","46.5","VA","1","2025-05-20 21:42:38.169957"
561,"5549","2024-12-31T23:00:00.000","58.9","VA","1","2025-05-20 21:42:38.169957"
562,"5551","2024-12-31T23:00:00.000","98.6","VA","1","2025-05-20 21:42:38.169957"
563,"5554","2024-12-31T23:00:00.000","33.8","VA","1","2025-05-20 21:42:38.169957"
564,"5555","2024-12-31T23:00:00.000","32.8","VA","1","2025-05-20 21:42:38.169957"
565,"5557","2024-12-31T23:00:00.000","62.4","VA","1","2025-05-20 21:42:38.169957"
566,"5561","2024-12-31T23:00:00.000","84.5","VA","1","2025-05-20 21:42:38.169957"
567,"5563","2024-12-31T23:00:00.000","56.0","VA","1","2025-05-20 21:42:38.169957"
568,"5564","2024-12-31T23:00:00.000","65.9","VA","1","2025-05-20 21:42:38.169957"
569,"5568","2024-12-31T23:00:00.000","45.3","VA","1","2025-05-20 21:42:38.169957"
570,"5572","2024-12-31T23:00:00.000","50.2","VA","1","2025-05-20 21:42:38.169957"
571,"5574","2024-12-31T23:00:00.000","14.0","VA","1","2025-05-20 21:42:38.169957"
572,"5575","2024-12-31T23:00:00.000","42.9","VA","1","2025-05-20 21:42:38.169957"
573,"5576","2024-12-31T23:00:00.000","40.6","VA","1","2025-05-20 21:42:38.169957"
574,"5577","2024-12-31T23:00:00.000","49.6","VA","1","2025-05-20 21:42:38.169957"
575,"5579","2024-12-31T23:00:00.000","54.7","VA","1","2025-05-20 21:42:38.169957"
576,"5603","2024-12-31T23:00:00.000","56.6","VA","1","2025-05-20 21:42:38.169957"
577,"5607","2024-12-31T23:00:00.000","38.0","VA","1","2025-05-20 21:42:38.169957"
578,"5609","2024-12-31T23:00:00.000","55.0","VA","1","2025-05-20 21:42:38.169957"
579,"5610","2024-12-31T23:00:00.000","26.2","VA","1","2025-05-20 21:42:38.169957"
580,"5611","2024-12-31T23:00:00.000","50.7","VA","1","2025-05-20 21:42:38.169957"
581,"5652","2024-12-31T23:00:00.000","1.1","VA","1","2025-05-20 21:42:38.169957"
582,"5658","2024-12-31T23:00:00.000","1.1","VA","1","2025-05-20 21:42:38.169957"
583,"5665","2024-12-31T23:00:00.000","3.2","VA","1","2025-05-20 21:42:38.169957"
584,"5670","2024-12-31T23:00:00.000","4.5","VA","1","2025-05-20 21:42:38.169957"
585,"5676","2024-12-31T23:00:00.000","1.0","VA","1","2025-05-20 21:42:38.169957"
586,"5693","2024-12-31T23:00:00.000","1.8","VA","1","2025-05-20 21:42:38.169957"
587,"5698","2024-12-31T23:00:00.000","2.3","VA","1","2025-05-20 21:42:38.169957"
588,"5700","2024-12-31T23:00:00.000","1.1","VA","1","2025-05-20 21:42:38.169957"
589,"5704","2024-12-31T23:00:00.000","1.9","VA","1","2025-05-20 21:42:38.169957"
590,"5707","2024-12-31T23:00:00.000","3.0","VA","1","2025-05-20 21:42:38.169957"
591,"5710","2024-12-31T23:00:00.000","5.1","VA","1","2025-05-20 21:42:38.169957"
592,"5717","2024-12-31T23:00:00.000","4.3","VA","1","2025-05-20 21:42:38.169957"
593,"5721","2024-12-31T23:00:00.000","9.8","VA","1","2025-05-20 21:42:38.169957"
594,"5725","2024-12-31T23:00:00.000","0.4","VA","1","2025-05-20 21:42:38.169957"
595,"5732","2024-12-31T23:00:00.000","11.0","VA","1","2025-05-20 21:42:38.169957"
596,"5738","2024-12-31T23:00:00.000","1.2","VA","1","2025-05-20 21:42:38.169957"
597,"5739","2024-12-31T23:00:00.000","58.0","VA","1","2025-05-20 21:42:38.169957"
598,"5742","2024-12-31T23:00:00.000","16.5","VA","1","2025-05-20 21:42:38.169957"
599,"5749","2024-12-31T23:00:00.000","5.0","VA","1","2025-05-20 21:42:38.169957"
600,"5750","2024-12-31T23:00:00.000","6.7","VA","1","2025-05-20 21:42:38.169957"
601,"5790","2024-12-31T23:00:00.000","2.0","VA","1","2025-05-20 21:42:38.169957"
602,"6346","2024-12-31T23:00:00.000","307.3","VA","1","2025-05-20 21:42:38.169957"
603,"6354","2024-12-31T23:00:00.000","263.7","VA","1","2025-05-20 21:42:38.169957"
604,"6356","2024-12-31T23:00:00.000","383.6","VA","1","2025-05-20 21:42:38.169957"
605,"6364","2024-12-31T23:00:00.000","94.3","VA","1","2025-05-20 21:42:38.169957"
606,"6400","2024-12-31T23:00:00.000","130.3","VA","1","2025-05-20 21:42:38.169957"
607,"6402","2024-12-31T23:00:00.000","45.5","VA","1","2025-05-20 21:42:38.169957"
608,"6408","2024-12-31T23:00:00.000","62.2","VA","1","2025-05-20 21:42:38.169957"
609,"6411","2024-12-31T23:00:00.000","1.6","VA","1","2025-05-20 21:42:38.169957"
610,"6412","2024-12-31T23:00:00.000","261.6","VA","1","2025-05-20 21:42:38.169957"
611,"6419","2024-12-31T23:00:00.000","65.9","VA","1","2025-05-20 21:42:38.169957"
612,"6428","2024-12-31T23:00:00.000","104.5","VA","1","2025-05-20 21:42:38.169957"
613,"6582","2024-12-31T23:00:00.000","5.9","VA","1","2025-05-20 21:42:38.169957"
614,"6587","2024-12-31T23:00:00.000","0.9","VA","1","2025-05-20 21:42:38.169957"
615,"6665","2024-12-31T23:00:00.000","9.9","VA","1","2025-05-20 21:42:38.169957"
616,"6685","2024-12-31T23:00:00.000","54.4","VA","1","2025-05-20 21:42:38.169957"
617,"6686","2024-12-31T23:00:00.000","2.5","VA","1","2025-05-20 21:42:38.169957"
618,"6690","2024-12-31T23:00:00.000","218.0","VA","1","2025-05-20 21:42:38.169957"
619,"6691","2024-12-31T23:00:00.000","4.0","VA","1","2025-05-20 21:42:38.169957"
620,"6701","2024-12-31T23:00:00.000","44.1","VA","1","2025-05-20 21:42:38.169957"
621,"6705","2024-12-31T23:00:00.000","-9999","NA","1","2025-05-20 21:42:38.169957"
622,"6706","2024-12-31T23:00:00.000","198.3","VA","1","2025-05-20 21:42:38.169957"
623,"6761","2024-12-31T23:00:00.000","35.3","VA","1","2025-05-20 21:42:38.169957"
624,"6766","2024-12-31T23:00:00.000","43.3","VA","1","2025-05-20 21:42:38.169957"
625,"6781","2024-12-31T23:00:00.000","56.3","VA","1","2025-05-20 21:42:38.169957"
626,"6782","2024-12-31T23:00:00.000","1.3","VA","1","2025-05-20 21:42:38.169957"
627,"6784","2024-12-31T23:00:00.000","171.7","VA","1","2025-05-20 21:42:38.169957"
628,"6798","2024-12-31T23:00:00.000","30.2","VA","1","2025-05-20 21:42:38.169957"
629,"6803","2024-12-31T23:00:00.000","40.5","VA","1","2025-05-20 21:42:38.169957"
630,"6804","2024-12-31T23:00:00.000","9.4","VA","1","2025-05-20 21:42:38.169957"
631,"6813","2024-12-31T23:00:00.000","56.5","VA","1","2025-05-20 21:42:38.169957"
632,"6817","2024-12-31T23:00:00.000","83.8","VA","1","2025-05-20 21:42:38.169957"
633,"6818","2024-12-31T23:00:00.000","11.0","VA","1","2025-05-20 21:42:38.169957"
634,"6826","2024-12-31T23:00:00.000","45.3","VA","1","2025-05-20 21:42:38.169957"
635,"6864","2024-12-31T23:00:00.000","86.1","VA","1","2025-05-20 21:42:38.169957"
636,"6869","2024-12-31T23:00:00.000","3.7","VA","1","2025-05-20 21:42:38.169957"
637,"6870","2024-12-31T23:00:00.000","2.3","VA","1","2025-05-20 21:42:38.169957"
638,"6871","2024-12-31T23:00:00.000","45.0","VA","1","2025-05-20 21:42:38.169957"
639,"6872","2024-12-31T23:00:00.000","3.6","VA","1","2025-05-20 21:42:38.169957"
640,"6877","2024-12-31T23:00:00.000","33.5","VA","1","2025-05-20 21:42:38.169957"
641,"6879","2024-12-31T23:00:00.000","0.5","VA","1","2025-05-20 21:42:38.169957"
642,"6880","2024-12-31T23:00:00.000","34.7","VA","1","2025-05-20 21:42:38.169957"
643,"6884","2024-12-31T23:00:00.000","0.2","VA","1","2025-05-20 21:42:38.169957"
644,"6904","2024-12-31T23:00:00.000","1.9","VA","1","2025-05-20 21:42:38.169957"
645,"6966","2024-12-31T23:00:00.000","2.9","VA","1","2025-05-20 21:42:38.169957"
646,"9772","2024-12-31T23:00:00.000","4.0","VA","1","2025-05-20 21:42:38.169957"
647,"9797","2024-12-31T23:00:00.000","2.6","VA","1","2025-05-20 21:42:38.169957"
648,"9798","2024-12-31T23:00:00.000","1.1","VA","1","2025-05-20 21:42:38.169957"
649,"9802","2024-12-31T23:00:00.000","31.8","VA","1","2025-05-20 21:42:38.169957"
650,"9804","2024-12-31T23:00:00.000","118.1","VA","1","2025-05-20 21:42:38.169957"
651,"9833","2024-12-31T23:00:00.000","2.2","VA","1","2025-05-20 21:42:38.169957"
652,"9852","2024-12-31T23:00:00.000","19.2","VA","1","2025-05-20 21:42:38.169957"
653,"9854","2024-12-31T23:00:00.000","0.5","VA","1","2025-05-20 21:42:38.169957"
654,"9855","2024-12-31T23:00:00.000","37.3","VA","1","2025-05-20 21:42:38.169957"
655,"9856","2024-12-31T23:00:00.000","3.1","VA","1","2025-05-20 21:42:38.169957"
656,"9857","2024-12-31T23:00:00.000","47.0","VA","1","2025-05-20 21:42:38.169957"
657,"9859","2024-12-31T23:00:00.000","2.2","VA","1","2025-05-20 21:42:38.169957"
658,"5586","2024-12-31T23:00:00.000","53.9","VA","1","2025-05-20 21:42:38.169957"
659,"5587","2024-12-31T23:00:00.000","52.4","VA","1","2025-05-20 21:42:38.169957"
660,"5591","2024-12-31T23:00:00.000","13.7","VA","1","2025-05-20 21:42:38.169957"
661,"5595","2024-12-31T23:00:00.000","57.6","VA","1","2025-05-20 21:42:38.169957"
662,"5598","2024-12-31T23:00:00.000","28.3","VA","1","2025-05-20 21:42:38.169957"
663,"5599","2024-12-31T23:00:00.000","52.9","VA","1","2025-05-20 21:42:38.169957"
664,"5601","2024-12-31T23:00:00.000","30.5","VA","1","2025-05-20 21:42:38.169957"
665,"5794","2024-12-31T23:00:00.000","0.7","VA","1","2025-05-20 21:42:38.169957"
666,"5798","2024-12-31T23:00:00.000","1.5","VA","1","2025-05-20 21:42:38.169957"
667,"5805","2024-12-31T23:00:00.000","0.9","VA","1","2025-05-20 21:42:38.169957"
668,"5809","2024-12-31T23:00:00.000","1.7","VA","1","2025-05-20 21:42:38.169957"
669,"5812","2024-12-31T23:00:00.000","1.1","VA","1","2025-05-20 21:42:38.169957"
670,"5814","2024-12-31T23:00:00.000","1.9","VA","1","2025-05-20 21:42:38.169957"
671,"5989","2024-12-31T23:00:00.000","1.7","VA","1","2025-05-20 21:42:38.169957"
672,"6005","2024-12-31T23:00:00.000","6.4","VA","1","2025-05-20 21:42:38.169957"
673,"6057","2024-12-31T23:00:00.000","4.3","VA","1","2025-05-20 21:42:38.169957"
674,"6366","2024-12-31T23:00:00.000","242.1","VA","1","2025-05-20 21:42:38.169957"
675,"6204","2024-12-31T23:00:00.000","161.8","VA","1","2025-05-20 21:42:38.169957"
676,"6374","2024-12-31T23:00:00.000","15.6","VA","1","2025-05-20 21:42:38.169957"
677,"6380","2024-12-31T23:00:00.000","58.9","VA","1","2025-05-20 21:42:38.169957"
678,"6382","2024-12-31T23:00:00.000","92.1","VA","1","2025-05-20 21:42:38.169957"
679,"6386","2024-12-31T23:00:00.000","332.2","VA","1","2025-05-20 21:42:38.169957"
680,"6398","2024-12-31T23:00:00.000","156.3","VA","1","2025-05-20 21:42:38.169957"
681,"6831","2024-12-31T23:00:00.000","50.8","VA","1","2025-05-20 21:42:38.169957"
682,"6832","2024-12-31T23:00:00.000","5.1","VA","1","2025-05-20 21:42:38.169957"
683,"6841","2024-12-31T23:00:00.000","21.0","VA","1","2025-05-20 21:42:38.169957"
684,"6845","2024-12-31T23:00:00.000","38.2","VA","1","2025-05-20 21:42:38.169957"
685,"6859","2024-12-31T23:00:00.000","27.3","VA","1","2025-05-20 21:42:38.169957"
686,"9968","2024-12-31T23:00:00.000","76.8","VA","1","2025-05-20 21:42:38.169957"
687,"9969","2024-12-31T23:00:00.000","44.6","VA","1","2025-05-20 21:42:38.169957"
688,"9971","2024-12-31T23:00:00.000","1.0","VA","1","2025-05-20 21:42:38.169957"
689,"9972","2024-12-31T23:00:00.000","12.8","VA","1","2025-05-20 21:42:38.169957"
690,"9991","2024-12-31T23:00:00.000","86.7","VA","1","2025-05-20 21:42:38.169957"
691,"10451","2024-12-31T23:00:00.000","201.4","VA","1","2025-05-20 21:42:38.169957"
692,"10452","2024-12-31T23:00:00.000","56.6","VA","1","2025-05-20 21:42:38.169957"
693,"10454","2024-12-31T23:00:00.000","3.4","VA","1","2025-05-20 21:42:38.169957"
694,"10457","2024-12-31T23:00:00.000","60.2","VA","1","2025-05-20 21:42:38.169957"
695,"10458","2024-12-31T23:00:00.000","36.8","VA","1","2025-05-20 21:42:38.169957"
696,"10463","2024-12-31T23:00:00.000","-9999","NA","1","2025-05-20 21:42:38.169957"
697,"10505","2024-12-31T23:00:00.000","137.2","VA","1","2025-05-20 21:42:38.169957"
698,"10506","2024-12-31T23:00:00.000","4.2","VA","1","2025-05-20 21:42:38.169957"
699,"30166","2024-12-31T22:00:00.000","3.9","VA","1","2025-05-20 21:42:38.169957"
700,"30165","2024-12-31T22:00:00.000","4.0","VA","1","2025-05-20 21:42:38.169957"
701,"30163","2024-12-31T22:00:00.000","54.3","VA","1","2025-05-20 21:42:38.169957"
702,"9860","2024-12-31T22:00:00.000","209.1","VA","1","2025-05-20 21:42:38.169957"
703,"9861","2024-12-31T22:00:00.000","8.4","VA","1","2025-05-20 21:42:38.169957"
704,"9875","2024-12-31T22:00:00.000","228.7","VA","1","2025-05-20 21:42:38.169957"
705,"9877","2024-12-31T22:00:00.000","72.2","VA","1","2025-05-20 21:42:38.169957"
706,"9882","2024-12-31T22:00:00.000","15.4","VA","1","2025-05-20 21:42:38.169957"
707,"9896","2024-12-31T22:00:00.000","108.7","VA","1","2025-05-20 21:42:38.169957"
708,"9897","2024-12-31T22:00:00.000","37.6","VA","1","2025-05-20 21:42:38.169957"
709,"9899","2024-12-31T22:00:00.000","5.8","VA","1","2025-05-20 21:42:38.169957"
710,"9917","2024-12-31T22:00:00.000","225.0","VA","1","2025-05-20 21:42:38.169957"
711,"9918","2024-12-31T22:00:00.000","120.0","VA","1","2025-05-20 21:42:38.169957"
712,"9920","2024-12-31T22:00:00.000","99.8","VA","1","2025-05-20 21:42:38.169957"
713,"9925","2024-12-31T22:00:00.000","0.6","VA","1","2025-05-20 21:42:38.169957"
714,"9928","2024-12-31T22:00:00.000","44.6","VA","1","2025-05-20 21:42:38.169957"
715,"9930","2024-12-31T22:00:00.000","185.1","VA","1","2025-05-20 21:42:38.169957"
716,"9993","2024-12-31T22:00:00.000","28.4","VA","1","2025-05-20 21:42:38.169957"
717,"9995","2024-12-31T22:00:00.000","0.8","VA","1","2025-05-20 21:42:38.169957"
718,"9996","2024-12-31T22:00:00.000","37.2","VA","1","2025-05-20 21:42:38.169957"
719,"9997","2024-12-31T22:00:00.000","6.5","VA","1","2025-05-20 21:42:38.169957"
720,"9999","2024-12-31T22:00:00.000","50.4","VA","1","2025-05-20 21:42:38.169957"
721,"10001","2024-12-31T22:00:00.000","112.1","VA","1","2025-05-20 21:42:38.169957"
722,"10016","2024-12-31T22:00:00.000","3.1","VA","1","2025-05-20 21:42:38.169957"
723,"10017","2024-12-31T22:00:00.000","77.5","VA","1","2025-05-20 21:42:38.169957"
724,"10018","2024-12-31T22:00:00.000","2.7","VA","1","2025-05-20 21:42:38.169957"
725,"10019","2024-12-31T22:00:00.000","38.3","VA","1","2025-05-20 21:42:38.169957"
726,"10020","2024-12-31T22:00:00.000","2.7","VA","1","2025-05-20 21:42:38.169957"
727,"10025","2024-12-31T22:00:00.000","5.3","VA","1","2025-05-20 21:42:38.169957"
728,"10035","2024-12-31T22:00:00.000","2.6","VA","1","2025-05-20 21:42:38.169957"
729,"10036","2024-12-31T22:00:00.000","3.3","VA","1","2025-05-20 21:42:38.169957"
730,"10037","2024-12-31T22:00:00.000","66.1","VA","1","2025-05-20 21:42:38.169957"
731,"10038","2024-12-31T22:00:00.000","32.9","VA","1","2025-05-20 21:42:38.169957"
732,"10041","2024-12-31T22:00:00.000","1.2","VA","1","2025-05-20 21:42:38.169957"
733,"10070","2024-12-31T22:00:00.000","2.4","VA","1","2025-05-20 21:42:38.169957"
734,"10078","2024-12-31T22:00:00.000","172.9","VA","1","2025-05-20 21:42:38.169957"
735,"10079","2024-12-31T22:00:00.000","48.6","VA","1","2025-05-20 21:42:38.169957"
736,"10081","2024-12-31T22:00:00.000","3.1","VA","1","2025-05-20 21:42:38.169957"
737,"10095","2024-12-31T22:00:00.000","62.5","VA","1","2025-05-20 21:42:38.169957"
738,"10097","2024-12-31T22:00:00.000","32.3","VA","1","2025-05-20 21:42:38.169957"
739,"10165","2024-12-31T22:00:00.000","41.6","VA","1","2025-05-20 21:42:38.169957"
740,"10166","2024-12-31T22:00:00.000","1.2","VA","1","2025-05-20 21:42:38.169957"
741,"10167","2024-12-31T22:00:00.000","22.1","VA","1","2025-05-20 21:42:38.169957"
742,"10168","2024-12-31T22:00:00.000","2.7","VA","1","2025-05-20 21:42:38.169957"
743,"10169","2024-12-31T22:00:00.000","0.7","VA","1","2025-05-20 21:42:38.169957"
744,"10171","2024-12-31T22:00:00.000","6.2","VA","1","2025-05-20 21:42:38.169957"
745,"10258","2024-12-31T22:00:00.000","45.4","VA","1","2025-05-20 21:42:38.169957"
746,"10259","2024-12-31T22:00:00.000","5.7","VA","1","2025-05-20 21:42:38.169957"
747,"10278","2024-12-31T22:00:00.000","258.0","VA","1","2025-05-20 21:42:38.169957"
748,"10279","2024-12-31T22:00:00.000","70.3","VA","1","2025-05-20 21:42:38.169957"
749,"10280","2024-12-31T22:00:00.000","7.1","VA","1","2025-05-20 21:42:38.169957"
750,"10282","2024-12-31T22:00:00.000","3.9","VA","1","2025-05-20 21:42:38.169957"
751,"10285","2024-12-31T22:00:00.000","66.7","VA","1","2025-05-20 21:42:38.169957"
752,"10286","2024-12-31T22:00:00.000","52.1","VA","1","2025-05-20 21:42:38.169957"
753,"10288","2024-12-31T22:00:00.000","6.7","VA","1","2025-05-20 21:42:38.169957"
754,"10301","2024-12-31T22:00:00.000","1.1","VA","1","2025-05-20 21:42:38.169957"
755,"10326","2024-12-31T22:00:00.000","33.5","VA","1","2025-05-20 21:42:38.169957"
756,"10327","2024-12-31T22:00:00.000","8.9","VA","1","2025-05-20 21:42:38.169957"
757,"10329","2024-12-31T22:00:00.000","55.6","VA","1","2025-05-20 21:42:38.169957"
758,"10331","2024-12-31T22:00:00.000","46.6","VA","1","2025-05-20 21:42:38.169957"
759,"10333","2024-12-31T22:00:00.000","182.1","VA","1","2025-05-20 21:42:38.169957"
760,"10384","2024-12-31T22:00:00.000","3.6","VA","1","2025-05-20 21:42:38.169957"
761,"10431","2024-12-31T22:00:00.000","95.4","VA","1","2025-05-20 21:42:38.169957"
762,"10432","2024-12-31T22:00:00.000","42.8","VA","1","2025-05-20 21:42:38.169957"
763,"10437","2024-12-31T22:00:00.000","4.8","VA","1","2025-05-20 21:42:38.169957"
764,"10507","2024-12-31T22:00:00.000","49.7","VA","1","2025-05-20 21:42:38.169957"
765,"10511","2024-12-31T22:00:00.000","1.9","VA","1","2025-05-20 21:42:38.169957"
766,"10580","2024-12-31T22:00:00.000","2.0","VA","1","2025-05-20 21:42:38.169957"
767,"10581","2024-12-31T22:00:00.000","21.9","VA","1","2025-05-20 21:42:38.169957"
768,"10583","2024-12-31T22:00:00.000","30.4","VA","1","2025-05-20 21:42:38.169957"
769,"10584","2024-12-31T22:00:00.000","35.9","VA","1","2025-05-20 21:42:38.169957"
770,"10587","2024-12-31T22:00:00.000","50.6","VA","1","2025-05-20 21:42:38.169957"
771,"11041","2024-12-31T22:00:00.000","4.7","VA","1","2025-05-20 21:42:38.169957"
772,"12016","2024-12-31T22:00:00.000","83.7","VA","1","2025-05-20 21:42:38.169957"
773,"12017","2024-12-31T22:00:00.000","36.3","VA","1","2025-05-20 21:42:38.169957"
774,"12020","2024-12-31T22:00:00.000","1.7","VA","1","2025-05-20 21:42:38.169957"
775,"17042","2024-12-31T22:00:00.000","18.1","VA","1","2025-05-20 21:42:38.169957"
776,"17126","2024-12-31T22:00:00.000","3.8","VA","1","2025-05-20 21:42:38.169957"
777,"17127","2024-12-31T22:00:00.000","4.7","VA","1","2025-05-20 21:42:38.169957"
778,"17285","2024-12-31T22:00:00.000","146.5","VA","1","2025-05-20 21:42:38.169957"
779,"17286","2024-12-31T22:00:00.000","63.8","VA","1","2025-05-20 21:42:38.169957"
780,"17288","2024-12-31T22:00:00.000","8.2","VA","1","2025-05-20 21:42:38.169957"
781,"17295","2024-12-31T22:00:00.000","5.4","VA","1","2025-05-20 21:42:38.169957"
782,"17297","2024-12-31T22:00:00.000","5.4","VA","1","2025-05-20 21:42:38.169957"
783,"20004","2024-12-31T22:00:00.000","9.0","VA","1","2025-05-20 21:42:38.169957"
784,"20020","2024-12-31T22:00:00.000","17.1","VA","1","2025-05-20 21:42:38.169957"
785,"20031","2024-12-31T22:00:00.000","5.4","VA","1","2025-05-20 21:42:38.169957"
786,"20032","2024-12-31T22:00:00.000","164.4","VA","1","2025-05-20 21:42:38.169957"
787,"20034","2024-12-31T22:00:00.000","58.1","VA","1","2025-05-20 21:42:38.169957"
788,"20041","2024-12-31T22:00:00.000","3.0","VA","1","2025-05-20 21:42:38.169957"
789,"20042","2024-12-31T22:00:00.000","8.9","VA","1","2025-05-20 21:42:38.169957"
790,"20082","2024-12-31T22:00:00.000","12.5","VA","1","2025-05-20 21:42:38.169957"
791,"20154","2024-12-31T22:00:00.000","15.3","VA","1","2025-05-20 21:42:38.169957"
792,"20156","2024-12-31T22:00:00.000","5.5","VA","1","2025-05-20 21:42:38.169957"
793,"20216","2024-12-31T22:00:00.000","6.0","VA","1","2025-05-20 21:42:38.169957"
794,"20401","2024-12-31T22:00:00.000","0.9","VA","1","2025-05-20 21:42:38.169957"
795,"20441","2024-12-31T22:00:00.000","8.1","VA","1","2025-05-20 21:42:38.169957"
796,"20442","2024-12-31T22:00:00.000","2.6","VA","1","2025-05-20 21:42:38.169957"
797,"20443","2024-12-31T22:00:00.000","4.0","VA","1","2025-05-20 21:42:38.169957"
798,"20455","2024-12-31T22:00:00.000","9.0","VA","1","2025-05-20 21:42:38.169957"
799,"20465","2024-12-31T22:00:00.000","3.7","VA","1","2025-05-20 21:42:38.169957"
800,"20484","2024-12-31T22:00:00.000","12.5","VA","1","2025-05-20 21:42:38.169957"
801,"20487","2024-12-31T22:00:00.000","1.0","VA","1","2025-05-20 21:42:38.169957"
802,"20489","2024-12-31T22:00:00.000","88.3","VA","1","2025-05-20 21:42:38.169957"
803,"20490","2024-12-31T22:00:00.000","44.2","VA","1","2025-05-20 21:42:38.169957"
804,"20491","2024-12-31T22:00:00.000","20.4","VA","1","2025-05-20 21:42:38.169957"
805,"20493","2024-12-31T22:00:00.000","75.5","VA","1","2025-05-20 21:42:38.169957"
806,"20494","2024-12-31T22:00:00.000","16.7","VA","1","2025-05-20 21:42:38.169957"
807,"20495","2024-12-31T22:00:00.000","49.9","VA","1","2025-05-20 21:42:38.169957"
808,"20497","2024-12-31T22:00:00.000","1.3","VA","1","2025-05-20 21:42:38.169957"
809,"20523","2024-12-31T22:00:00.000","14.3","VA","1","2025-05-20 21:42:38.169957"
810,"29041","2024-12-31T22:00:00.000","2.0","VA","1","2025-05-20 21:42:38.169957"
811,"30162","2024-12-31T22:00:00.000","194.3","VA","1","2025-05-20 21:42:38.169957"
812,"5827","2024-12-31T22:00:00.000","2.6","VA","1","2025-05-20 21:42:38.169957"
813,"5834","2024-12-31T22:00:00.000","0.9","VA","1","2025-05-20 21:42:38.169957"
814,"5835","2024-12-31T22:00:00.000","2.0","VA","1","2025-05-20 21:42:38.169957"
815,"5842","2024-12-31T22:00:00.000","0.3","VA","1","2025-05-20 21:42:38.169957"
816,"5845","2024-12-31T22:00:00.000","1.5","VA","1","2025-05-20 21:42:38.169957"
817,"5847","2024-12-31T22:00:00.000","1.8","VA","1","2025-05-20 21:42:38.169957"
818,"5853","2024-12-31T22:00:00.000","1.5","VA","1","2025-05-20 21:42:38.169957"
819,"5950","2024-12-31T22:00:00.000","34.1","VA","1","2025-05-20 21:42:38.169957"
820,"5952","2024-12-31T22:00:00.000","1.8","VA","1","2025-05-20 21:42:38.169957"
821,"5953","2024-12-31T22:00:00.000","51.5","VA","1","2025-05-20 21:42:38.169957"
822,"5958","2024-12-31T22:00:00.000","28.5","VA","1","2025-05-20 21:42:38.169957"
823,"5960","2024-12-31T22:00:00.000","2.4","VA","1","2025-05-20 21:42:38.169957"
824,"5965","2024-12-31T22:00:00.000","61.5","VA","1","2025-05-20 21:42:38.169957"
825,"6208","2024-12-31T22:00:00.000","130.1","VA","1","2025-05-20 21:42:38.169957"
826,"6212","2024-12-31T22:00:00.000","185.2","VA","1","2025-05-20 21:42:38.169957"
827,"6218","2024-12-31T22:00:00.000","104.5","VA","1","2025-05-20 21:42:38.169957"
828,"6220","2024-12-31T22:00:00.000","88.6","VA","1","2025-05-20 21:42:38.169957"
829,"6228","2024-12-31T22:00:00.000","18.1","VA","1","2025-05-20 21:42:38.169957"
830,"6230","2024-12-31T22:00:00.000","119.4","VA","1","2025-05-20 21:42:38.169957"
831,"6232","2024-12-31T22:00:00.000","303.6","VA","1","2025-05-20 21:42:38.169957"
832,"6246","2024-12-31T22:00:00.000","62.2","VA","1","2025-05-20 21:42:38.169957"
833,"6248","2024-12-31T22:00:00.000","147.1","VA","1","2025-05-20 21:42:38.169957"
834,"6252","2024-12-31T22:00:00.000","128.7","VA","1","2025-05-20 21:42:38.169957"
835,"6260","2024-12-31T22:00:00.000","75.3","VA","1","2025-05-20 21:42:38.169957"
836,"6264","2024-12-31T22:00:00.000","216.9","VA","1","2025-05-20 21:42:38.169957"
837,"6268","2024-12-31T22:00:00.000","205.0","VA","1","2025-05-20 21:42:38.169957"
838,"6274","2024-12-31T22:00:00.000","158.6","VA","1","2025-05-20 21:42:38.169957"
839,"6276","2024-12-31T22:00:00.000","198.0","VA","1","2025-05-20 21:42:38.169957"
840,"6280","2024-12-31T22:00:00.000","132.0","VA","1","2025-05-20 21:42:38.169957"
841,"6288","2024-12-31T22:00:00.000","110.5","VA","1","2025-05-20 21:42:38.169957"
842,"6300","2024-12-31T22:00:00.000","442.6","VA","1","2025-05-20 21:42:38.169957"
843,"6320","2024-12-31T22:00:00.000","280.8","VA","1","2025-05-20 21:42:38.169957"
844,"6324","2024-12-31T22:00:00.000","301.4","VA","1","2025-05-20 21:42:38.169957"
845,"6326","2024-12-31T22:00:00.000","278.7","VA","1","2025-05-20 21:42:38.169957"
846,"6328","2024-12-31T22:00:00.000","339.4","VA","1","2025-05-20 21:42:38.169957"
847,"6330","2024-12-31T22:00:00.000","157.7","VA","1","2025-05-20 21:42:38.169957"
848,"6338","2024-12-31T22:00:00.000","132.0","VA","1","2025-05-20 21:42:38.169957"
849,"5504","2024-12-31T22:00:00.000","73.2","VA","1","2025-05-20 21:42:38.169957"
850,"5507","2024-12-31T22:00:00.000","116.9","VA","1","2025-05-20 21:42:38.169957"
851,"5517","2024-12-31T22:00:00.000","71.0","VA","1","2025-05-20 21:42:38.169957"
852,"5520","2024-12-31T22:00:00.000","42.4","VA","1","2025-05-20 21:42:38.169957"
853,"5531","2024-12-31T22:00:00.000","78.1","VA","1","2025-05-20 21:42:38.169957"
854,"5532","2024-12-31T22:00:00.000","96.4","VA","1","2025-05-20 21:42:38.169957"
855,"5534","2024-12-31T22:00:00.000","81.0","VA","1","2025-05-20 21:42:38.169957"
856,"5542","2024-12-31T22:00:00.000","72.1","VA","1","2025-05-20 21:42:38.169957"
857,"5545","2024-12-31T22:00:00.000","59.5","VA","1","2025-05-20 21:42:38.169957"
858,"5547","2024-12-31T22:00:00.000","83.7","VA","1","2025-05-20 21:42:38.169957"
859,"5548","2024-12-31T22:00:00.000","40.9","VA","1","2025-05-20 21:42:38.169957"
860,"5549","2024-12-31T22:00:00.000","62.0","VA","1","2025-05-20 21:42:38.169957"
861,"5551","2024-12-31T22:00:00.000","89.0","VA","1","2025-05-20 21:42:38.169957"
862,"5554","2024-12-31T22:00:00.000","32.9","VA","1","2025-05-20 21:42:38.169957"
863,"5555","2024-12-31T22:00:00.000","39.4","VA","1","2025-05-20 21:42:38.169957"
864,"5557","2024-12-31T22:00:00.000","67.3","VA","1","2025-05-20 21:42:38.169957"
865,"5561","2024-12-31T22:00:00.000","81.8","VA","1","2025-05-20 21:42:38.169957"
866,"5563","2024-12-31T22:00:00.000","64.1","VA","1","2025-05-20 21:42:38.169957"
867,"5564","2024-12-31T22:00:00.000","67.2","VA","1","2025-05-20 21:42:38.169957"
868,"5568","2024-12-31T22:00:00.000","49.5","VA","1","2025-05-20 21:42:38.169957"
869,"5572","2024-12-31T22:00:00.000","54.1","VA","1","2025-05-20 21:42:38.169957"
870,"5574","2024-12-31T22:00:00.000","26.1","VA","1","2025-05-20 21:42:38.169957"
871,"5575","2024-12-31T22:00:00.000","50.4","VA","1","2025-05-20 21:42:38.169957"
872,"5576","2024-12-31T22:00:00.000","46.2","VA","1","2025-05-20 21:42:38.169957"
873,"5577","2024-12-31T22:00:00.000","54.9","VA","1","2025-05-20 21:42:38.169957"
874,"5579","2024-12-31T22:00:00.000","58.1","VA","1","2025-05-20 21:42:38.169957"
875,"5603","2024-12-31T22:00:00.000","59.2","VA","1","2025-05-20 21:42:38.169957"
876,"5607","2024-12-31T22:00:00.000","46.7","VA","1","2025-05-20 21:42:38.169957"
877,"5609","2024-12-31T22:00:00.000","61.5","VA","1","2025-05-20 21:42:38.169957"
878,"5610","2024-12-31T22:00:00.000","30.7","VA","1","2025-05-20 21:42:38.169957"
879,"5611","2024-12-31T22:00:00.000","49.7","VA","1","2025-05-20 21:42:38.169957"
880,"5652","2024-12-31T22:00:00.000","1.0","VA","1","2025-05-20 21:42:38.169957"
881,"5658","2024-12-31T22:00:00.000","1.0","VA","1","2025-05-20 21:42:38.169957"
882,"5665","2024-12-31T22:00:00.000","2.4","VA","1","2025-05-20 21:42:38.169957"
883,"5670","2024-12-31T22:00:00.000","5.5","VA","1","2025-05-20 21:42:38.169957"
884,"5676","2024-12-31T22:00:00.000","1.1","VA","1","2025-05-20 21:42:38.169957"
885,"5693","2024-12-31T22:00:00.000","2.0","VA","1","2025-05-20 21:42:38.169957"
886,"5698","2024-12-31T22:00:00.000","2.3","VA","1","2025-05-20 21:42:38.169957"
887,"5700","2024-12-31T22:00:00.000","1.4","VA","1","2025-05-20 21:42:38.169957"
888,"5704","2024-12-31T22:00:00.000","2.2","VA","1","2025-05-20 21:42:38.169957"
889,"5707","2024-12-31T22:00:00.000","3.1","VA","1","2025-05-20 21:42:38.169957"
890,"5710","2024-12-31T22:00:00.000","3.5","VA","1","2025-05-20 21:42:38.169957"
891,"5717","2024-12-31T22:00:00.000","3.5","VA","1","2025-05-20 21:42:38.169957"
892,"5721","2024-12-31T22:00:00.000","5.8","VA","1","2025-05-20 21:42:38.169957"
893,"5725","2024-12-31T22:00:00.000","0.4","VA","1","2025-05-20 21:42:38.169957"
894,"5732","2024-12-31T22:00:00.000","9.4","VA","1","2025-05-20 21:42:38.169957"
895,"5738","2024-12-31T22:00:00.000","1.5","VA","1","2025-05-20 21:42:38.169957"
896,"5739","2024-12-31T22:00:00.000","48.9","VA","1","2025-05-20 21:42:38.169957"
897,"5742","2024-12-31T22:00:00.000","15.8","VA","1","2025-05-20 21:42:38.169957"
898,"5749","2024-12-31T22:00:00.000","5.5","VA","1","2025-05-20 21:42:38.169957"
899,"5750","2024-12-31T22:00:00.000","4.7","VA","1","2025-05-20 21:42:38.169957"
900,"5790","2024-12-31T22:00:00.000","2.4","VA","1","2025-05-20 21:42:38.169957"
901,"6346","2024-12-31T22:00:00.000","372.4","VA","1","2025-05-20 21:42:38.169957"
902,"6354","2024-12-31T22:00:00.000","208.9","VA","1","2025-05-20 21:42:38.169957"
903,"6356","2024-12-31T22:00:00.000","464.6","VA","1","2025-05-20 21:42:38.169957"
904,"6364","2024-12-31T22:00:00.000","67.6","VA","1","2025-05-20 21:42:38.169957"
905,"6400","2024-12-31T22:00:00.000","170.4","VA","1","2025-05-20 21:42:38.169957"
906,"6402","2024-12-31T22:00:00.000","65.5","VA","1","2025-05-20 21:42:38.169957"
907,"6408","2024-12-31T22:00:00.000","54.9","VA","1","2025-05-20 21:42:38.169957"
908,"6411","2024-12-31T22:00:00.000","1.6","VA","1","2025-05-20 21:42:38.169957"
909,"6412","2024-12-31T22:00:00.000","288.3","VA","1","2025-05-20 21:42:38.169957"
910,"6419","2024-12-31T22:00:00.000","85.6","VA","1","2025-05-20 21:42:38.169957"
911,"6428","2024-12-31T22:00:00.000","175.7","VA","1","2025-05-20 21:42:38.169957"
912,"6582","2024-12-31T22:00:00.000","6.6","VA","1","2025-05-20 21:42:38.169957"
913,"6587","2024-12-31T22:00:00.000","1.3","VA","1","2025-05-20 21:42:38.169957"
914,"6665","2024-12-31T22:00:00.000","7.4","VA","1","2025-05-20 21:42:38.169957"
915,"6685","2024-12-31T22:00:00.000","54.4","VA","1","2025-05-20 21:42:38.169957"
916,"6686","2024-12-31T22:00:00.000","2.0","VA","1","2025-05-20 21:42:38.169957"
917,"6690","2024-12-31T22:00:00.000","187.0","VA","1","2025-05-20 21:42:38.169957"
918,"6691","2024-12-31T22:00:00.000","3.6","VA","1","2025-05-20 21:42:38.169957"
919,"6701","2024-12-31T22:00:00.000","59.8","VA","1","2025-05-20 21:42:38.169957"
920,"6705","2024-12-31T22:00:00.000","-9999","NA","1","2025-05-20 21:42:38.169957"
921,"6706","2024-12-31T22:00:00.000","335.6","VA","1","2025-05-20 21:42:38.169957"
922,"6761","2024-12-31T22:00:00.000","40.6","VA","1","2025-05-20 21:42:38.169957"
923,"6766","2024-12-31T22:00:00.000","64.2","VA","1","2025-05-20 21:42:38.169957"
924,"6781","2024-12-31T22:00:00.000","68.1","VA","1","2025-05-20 21:42:38.169957"
925,"6782","2024-12-31T22:00:00.000","1.5","VA","1","2025-05-20 21:42:38.169957"
926,"6784","2024-12-31T22:00:00.000","213.4","VA","1","2025-05-20 21:42:38.169957"
927,"6798","2024-12-31T22:00:00.000","35.1","VA","1","2025-05-20 21:42:38.169957"
928,"6803","2024-12-31T22:00:00.000","52.4","VA","1","2025-05-20 21:42:38.169957"
929,"6804","2024-12-31T22:00:00.000","6.8","VA","1","2025-05-20 21:42:38.169957"
930,"6813","2024-12-31T22:00:00.000","56.8","VA","1","2025-05-20 21:42:38.169957"
931,"6817","2024-12-31T22:00:00.000","90.7","VA","1","2025-05-20 21:42:38.169957"
932,"6818","2024-12-31T22:00:00.000","5.1","VA","1","2025-05-20 21:42:38.169957"
933,"6826","2024-12-31T22:00:00.000","47.7","VA","1","2025-05-20 21:42:38.169957"
934,"6864","2024-12-31T22:00:00.000","117.4","VA","1","2025-05-20 21:42:38.169957"
935,"6869","2024-12-31T22:00:00.000","3.1","VA","1","2025-05-20 21:42:38.169957"
936,"6870","2024-12-31T22:00:00.000","3.0","VA","1","2025-05-20 21:42:38.169957"
937,"6871","2024-12-31T22:00:00.000","56.7","VA","1","2025-05-20 21:42:38.169957"
938,"6872","2024-12-31T22:00:00.000","4.1","VA","1","2025-05-20 21:42:38.169957"
939,"6877","2024-12-31T22:00:00.000","40.4","VA","1","2025-05-20 21:42:38.169957"
940,"6879","2024-12-31T22:00:00.000","0.7","VA","1","2025-05-20 21:42:38.169957"
941,"6880","2024-12-31T22:00:00.000","35.6","VA","1","2025-05-20 21:42:38.169957"
942,"6884","2024-12-31T22:00:00.000","0.2","VA","1","2025-05-20 21:42:38.169957"
943,"6904","2024-12-31T22:00:00.000","2.3","VA","1","2025-05-20 21:42:38.169957"
944,"6966","2024-12-31T22:00:00.000","3.1","VA","1","2025-05-20 21:42:38.169957"
945,"9772","2024-12-31T22:00:00.000","4.7","VA","1","2025-05-20 21:42:38.169957"
946,"9797","2024-12-31T22:00:00.000","2.7","VA","1","2025-05-20 21:42:38.169957"
947,"9798","2024-12-31T22:00:00.000","1.2","VA","1","2025-05-20 21:42:38.169957"
948,"9802","2024-12-31T22:00:00.000","39.1","VA","1","2025-05-20 21:42:38.169957"
949,"9804","2024-12-31T22:00:00.000","126.6","VA","1","2025-05-20 21:42:38.169957"
950,"9833","2024-12-31T22:00:00.000","2.2","VA","1","2025-05-20 21:42:38.169957"
951,"9852","2024-12-31T22:00:00.000","20.2","VA","1","2025-05-20 21:42:38.169957"
952,"9854","2024-12-31T22:00:00.000","0.5","VA","1","2025-05-20 21:42:38.169957"
953,"9855","2024-12-31T22:00:00.000","33.5","VA","1","2025-05-20 21:42:38.169957"
954,"9856","2024-12-31T22:00:00.000","2.8","VA","1","2025-05-20 21:42:38.169957"
955,"9857","2024-12-31T22:00:00.000","47.4","VA","1","2025-05-20 21:42:38.169957"
956,"9859","2024-12-31T22:00:00.000","2.1","VA","1","2025-05-20 21:42:38.169957"
957,"5586","2024-12-31T22:00:00.000","56.6","VA","1","2025-05-20 21:42:38.169957"
958,"5587","2024-12-31T22:00:00.000","62.6","VA","1","2025-05-20 21:42:38.169957"
959,"5591","2024-12-31T22:00:00.000","15.6","VA","1","2025-05-20 21:42:38.169957"
960,"5595","2024-12-31T22:00:00.000","60.8","VA","1","2025-05-20 21:42:38.169957"
961,"5598","2024-12-31T22:00:00.000","32.4","VA","1","2025-05-20 21:42:38.169957"
962,"5599","2024-12-31T22:00:00.000","58.4","VA","1","2025-05-20 21:42:38.169957"
963,"5601","2024-12-31T22:00:00.000","36.8","VA","1","2025-05-20 21:42:38.169957"
964,"5794","2024-12-31T22:00:00.000","0.9","VA","1","2025-05-20 21:42:38.169957"
965,"5798","2024-12-31T22:00:00.000","1.7","VA","1","2025-05-20 21:42:38.169957"
966,"5805","2024-12-31T22:00:00.000","0.9","VA","1","2025-05-20 21:42:38.169957"
967,"5809","2024-12-31T22:00:00.000","1.9","VA","1","2025-05-20 21:42:38.169957"
968,"5812","2024-12-31T22:00:00.000","1.2","VA","1","2025-05-20 21:42:38.169957"
969,"5814","2024-12-31T22:00:00.000","1.5","VA","1","2025-05-20 21:42:38.169957"
970,"5989","2024-12-31T22:00:00.000","2.2","VA","1","2025-05-20 21:42:38.169957"
971,"6005","2024-12-31T22:00:00.000","6.6","VA","1","2025-05-20 21:42:38.169957"
972,"6057","2024-12-31T22:00:00.000","4.8","VA","1","2025-05-20 21:42:38.169957"
973,"6366","2024-12-31T22:00:00.000","155.8","VA","1","2025-05-20 21:42:38.169957"
974,"6204","2024-12-31T22:00:00.000","240.8","VA","1","2025-05-20 21:42:38.169957"
975,"6374","2024-12-31T22:00:00.000","32.5","VA","1","2025-05-20 21:42:38.169957"
976,"6380","2024-12-31T22:00:00.000","80.5","VA","1","2025-05-20 21:42:38.169957"
977,"6382","2024-12-31T22:00:00.000","115.6","VA","1","2025-05-20 21:42:38.169957"
978,"6386","2024-12-31T22:00:00.000","293.3","VA","1","2025-05-20 21:42:38.169957"
979,"6398","2024-12-31T22:00:00.000","199.9","VA","1","2025-05-20 21:42:38.169957"
980,"6831","2024-12-31T22:00:00.000","52.5","VA","1","2025-05-20 21:42:38.169957"
981,"6832","2024-12-31T22:00:00.000","11.5","VA","1","2025-05-20 21:42:38.169957"
982,"6841","2024-12-31T22:00:00.000","23.5","VA","1","2025-05-20 21:42:38.169957"
983,"6845","2024-12-31T22:00:00.000","45.4","VA","1","2025-05-20 21:42:38.169957"
984,"6859","2024-12-31T22:00:00.000","33.6","VA","1","2025-05-20 21:42:38.169957"
985,"9968","2024-12-31T22:00:00.000","72.0","VA","1","2025-05-20 21:42:38.169957"
986,"9969","2024-12-31T22:00:00.000","44.9","VA","1","2025-05-20 21:42:38.169957"
987,"9971","2024-12-31T22:00:00.000","0.8","VA","1","2025-05-20 21:42:38.169957"
988,"9972","2024-12-31T22:00:00.000","16.4","VA","1","2025-05-20 21:42:38.169957"
989,"9991","2024-12-31T22:00:00.000","81.6","VA","1","2025-05-20 21:42:38.169957"
990,"10451","2024-12-31T22:00:00.000","237.0","VA","1","2025-05-20 21:42:38.169957"
991,"10452","2024-12-31T22:00:00.000","61.1","VA","1","2025-05-20 21:42:38.169957"
992,"10454","2024-12-31T22:00:00.000","3.3","VA","1","2025-05-20 21:42:38.169957"
993,"10457","2024-12-31T22:00:00.000","64.7","VA","1","2025-05-20 21:42:38.169957"
994,"10458","2024-12-31T22:00:00.000","40.3","VA","1","2025-05-20 21:42:38.169957"
995,"10463","2024-12-31T22:00:00.000","-9999","NA","1","2025-05-20 21:42:38.169957"
996,"10505","2024-12-31T22:00:00.000","124.2","VA","1","2025-05-20 21:42:38.169957"
997,"10506","2024-12-31T22:00:00.000","3.8","VA","1","2025-05-20 21:42:38.169957"
998,"30166","2024-12-31T21:00:00.000","4.0","VA","1","2025-05-20 21:42:38.169957"
999,"30165","2024-12-31T21:00:00.000","3.1","VA","1","2025-05-20 21:42:38.169957"
1000,"30163","2024-12-31T21:00:00.000","55.8","VA","1","2025-05-20 21:42:38.169957"
